Image_Path,Class_Name,Class_Index
C:\Users\Paula\.spyder-py3\MariaBaron-CS898BA-Project1\Report_CS898BA_Project1\Selected_Images_2\Speed Limit (60)\Speed_Limit_60_236.png,Speed Limit (60),2
C:\Users\Paula\.spyder-py3\MariaBaron-CS898BA-Project1\Report_CS898BA_Project1\Selected_Images_2\Stop\Stop_059.png,Stop,3
C:\Users\Paula\.spyder-py3\MariaBaron-CS898BA-Project1\Report_CS898BA_Project1\Selected_Images_2\Speed Limit (60)\Speed_Limit_60_198.png,Speed Limit (60),2
C:\Users\Paula\.spyder-py3\MariaBaron-CS898BA-Project1\Report_CS898BA_Project1\Selected_Images_2\Stop\Stop_026.png,Stop,3
C:\Users\Paula\.spyder-py3\MariaBaron-CS898BA-Project1\Report_CS898BA_Project1\Selected_Images_2\Wild animals Crossing\Wild_animals_Crossing_032.png,Wild animals Crossing,4
C:\Users\Paula\.spyder-py3\MariaBaron-CS898BA-Project1\Report_CS898BA_Project1\Selected_Images_2\Pedestrians\Pedestrians_033.png,Pedestrians,0
C:\Users\Paula\.spyder-py3\MariaBaron-CS898BA-Project1\Report_CS898BA_Project1\Selected_Images_2\Wild animals Crossing\Wild_animals_Crossing_231.png,Wild animals Crossing,4
C:\Users\Paula\.spyder-py3\MariaBaron-CS898BA-Project1\Report_CS898BA_Project1\Selected_Images_2\Speed Limit (60)\Speed_Limit_60_100.png,Speed Limit (60),2
C:\Users\Paula\.spyder-py3\MariaBaron-CS898BA-Project1\Report_CS898BA_Project1\Selected_Images_2\Slippery Road\Slippery_Road_180.png,Slippery Road,1
C:\Users\Paula\.spyder-py3\MariaBaron-CS898BA-Project1\Report_CS898BA_Project1\Selected_Images_2\Slippery Road\Slippery_Road_034.png,Slippery Road,1
C:\Users\Paula\.spyder-py3\MariaBaron-CS898BA-Project1\Report_CS898BA_Project1\Selected_Images_2\Slippery Road\Slippery_Road_065.png,Slippery Road,1
C:\Users\Paula\.spyder-py3\MariaBaron-CS898BA-Project1\Report_CS898BA_Project1\Selected_Images_2\Speed Limit (60)\Speed_Limit_60_036.png,Speed Limit (60),2
C:\Users\Paula\.spyder-py3\MariaBaron-CS898BA-Project1\Report_CS898BA_Project1\Selected_Images_2\Stop\Stop_114.png,Stop,3
C:\Users\Paula\.spyder-py3\MariaBaron-CS898BA-Project1\Report_CS898BA_Project1\Selected_Images_2\Pedestrians\Pedestrians_042.png,Pedestrians,0
C:\Users\Paula\.spyder-py3\MariaBaron-CS898BA-Project1\Report_CS898BA_Project1\Selected_Images_2\Pedestrians\Pedestrians_230.png,Pedestrians,0
C:\Users\Paula\.spyder-py3\MariaBaron-CS898BA-Project1\Report_CS898BA_Project1\Selected_Images_2\Slippery Road\Slippery_Road_017.png,Slippery Road,1
C:\Users\Paula\.spyder-py3\MariaBaron-CS898BA-Project1\Report_CS898BA_Project1\Selected_Images_2\Pedestrians\Pedestrians_037.png,Pedestrians,0
C:\Users\Paula\.spyder-py3\MariaBaron-CS898BA-Project1\Report_CS898BA_Project1\Selected_Images_2\Speed Limit (60)\Speed_Limit_60_053.png,Speed Limit (60),2
C:\Users\Paula\.spyder-py3\MariaBaron-CS898BA-Project1\Report_CS898BA_Project1\Selected_Images_2\Pedestrians\Pedestrians_217.png,Pedestrians,0
C:\Users\Paula\.spyder-py3\MariaBaron-CS898BA-Project1\Report_CS898BA_Project1\Selected_Images_2\Pedestrians\Pedestrians_151.png,Pedestrians,0
C:\Users\Paula\.spyder-py3\MariaBaron-CS898BA-Project1\Report_CS898BA_Project1\Selected_Images_2\Pedestrians\Pedestrians_177.png,Pedestrians,0
C:\Users\Paula\.spyder-py3\MariaBaron-CS898BA-Project1\Report_CS898BA_Project1\Selected_Images_2\Wild animals Crossing\Wild_animals_Crossing_187.png,Wild animals Crossing,4
C:\Users\Paula\.spyder-py3\MariaBaron-CS898BA-Project1\Report_CS898BA_Project1\Selected_Images_2\Speed Limit (60)\Speed_Limit_60_173.png,Speed Limit (60),2
C:\Users\Paula\.spyder-py3\MariaBaron-CS898BA-Project1\Report_CS898BA_Project1\Selected_Images_2\Speed Limit (60)\Speed_Limit_60_229.png,Speed Limit (60),2
C:\Users\Paula\.spyder-py3\MariaBaron-CS898BA-Project1\Report_CS898BA_Project1\Selected_Images_2\Stop\Stop_243.png,Stop,3
C:\Users\Paula\.spyder-py3\MariaBaron-CS898BA-Project1\Report_CS898BA_Project1\Selected_Images_2\Wild animals Crossing\Wild_animals_Crossing_070.png,Wild animals Crossing,4
C:\Users\Paula\.spyder-py3\MariaBaron-CS898BA-Project1\Report_CS898BA_Project1\Selected_Images_2\Pedestrians\Pedestrians_185.png,Pedestrians,0
C:\Users\Paula\.spyder-py3\MariaBaron-CS898BA-Project1\Report_CS898BA_Project1\Selected_Images_2\Wild animals Crossing\Wild_animals_Crossing_164.png,Wild animals Crossing,4
C:\Users\Paula\.spyder-py3\MariaBaron-CS898BA-Project1\Report_CS898BA_Project1\Selected_Images_2\Stop\Stop_041.png,Stop,3
C:\Users\Paula\.spyder-py3\MariaBaron-CS898BA-Project1\Report_CS898BA_Project1\Selected_Images_2\Slippery Road\Slippery_Road_234.png,Slippery Road,1
C:\Users\Paula\.spyder-py3\MariaBaron-CS898BA-Project1\Report_CS898BA_Project1\Selected_Images_2\Slippery Road\Slippery_Road_156.png,Slippery Road,1
C:\Users\Paula\.spyder-py3\MariaBaron-CS898BA-Project1\Report_CS898BA_Project1\Selected_Images_2\Stop\Stop_054.png,Stop,3
C:\Users\Paula\.spyder-py3\MariaBaron-CS898BA-Project1\Report_CS898BA_Project1\Selected_Images_2\Wild animals Crossing\Wild_animals_Crossing_216.png,Wild animals Crossing,4
C:\Users\Paula\.spyder-py3\MariaBaron-CS898BA-Project1\Report_CS898BA_Project1\Selected_Images_2\Stop\Stop_090.png,Stop,3
C:\Users\Paula\.spyder-py3\MariaBaron-CS898BA-Project1\Report_CS898BA_Project1\Selected_Images_2\Speed Limit (60)\Speed_Limit_60_082.png,Speed Limit (60),2
C:\Users\Paula\.spyder-py3\MariaBaron-CS898BA-Project1\Report_CS898BA_Project1\Selected_Images_2\Pedestrians\Pedestrians_228.png,Pedestrians,0
C:\Users\Paula\.spyder-py3\MariaBaron-CS898BA-Project1\Report_CS898BA_Project1\Selected_Images_2\Pedestrians\Pedestrians_001.png,Pedestrians,0
C:\Users\Paula\.spyder-py3\MariaBaron-CS898BA-Project1\Report_CS898BA_Project1\Selected_Images_2\Slippery Road\Slippery_Road_063.png,Slippery Road,1
C:\Users\Paula\.spyder-py3\MariaBaron-CS898BA-Project1\Report_CS898BA_Project1\Selected_Images_2\Speed Limit (60)\Speed_Limit_60_244.png,Speed Limit (60),2
C:\Users\Paula\.spyder-py3\MariaBaron-CS898BA-Project1\Report_CS898BA_Project1\Selected_Images_2\Slippery Road\Slippery_Road_199.png,Slippery Road,1
C:\Users\Paula\.spyder-py3\MariaBaron-CS898BA-Project1\Report_CS898BA_Project1\Selected_Images_2\Wild animals Crossing\Wild_animals_Crossing_096.png,Wild animals Crossing,4
C:\Users\Paula\.spyder-py3\MariaBaron-CS898BA-Project1\Report_CS898BA_Project1\Selected_Images_2\Wild animals Crossing\Wild_animals_Crossing_170.png,Wild animals Crossing,4
C:\Users\Paula\.spyder-py3\MariaBaron-CS898BA-Project1\Report_CS898BA_Project1\Selected_Images_2\Slippery Road\Slippery_Road_183.png,Slippery Road,1
C:\Users\Paula\.spyder-py3\MariaBaron-CS898BA-Project1\Report_CS898BA_Project1\Selected_Images_2\Pedestrians\Pedestrians_026.png,Pedestrians,0
C:\Users\Paula\.spyder-py3\MariaBaron-CS898BA-Project1\Report_CS898BA_Project1\Selected_Images_2\Pedestrians\Pedestrians_218.png,Pedestrians,0
C:\Users\Paula\.spyder-py3\MariaBaron-CS898BA-Project1\Report_CS898BA_Project1\Selected_Images_2\Wild animals Crossing\Wild_animals_Crossing_104.png,Wild animals Crossing,4
C:\Users\Paula\.spyder-py3\MariaBaron-CS898BA-Project1\Report_CS898BA_Project1\Selected_Images_2\Speed Limit (60)\Speed_Limit_60_230.png,Speed Limit (60),2
C:\Users\Paula\.spyder-py3\MariaBaron-CS898BA-Project1\Report_CS898BA_Project1\Selected_Images_2\Slippery Road\Slippery_Road_143.png,Slippery Road,1
C:\Users\Paula\.spyder-py3\MariaBaron-CS898BA-Project1\Report_CS898BA_Project1\Selected_Images_2\Slippery Road\Slippery_Road_115.png,Slippery Road,1
C:\Users\Paula\.spyder-py3\MariaBaron-CS898BA-Project1\Report_CS898BA_Project1\Selected_Images_2\Pedestrians\Pedestrians_008.png,Pedestrians,0
C:\Users\Paula\.spyder-py3\MariaBaron-CS898BA-Project1\Report_CS898BA_Project1\Selected_Images_2\Speed Limit (60)\Speed_Limit_60_076.png,Speed Limit (60),2
C:\Users\Paula\.spyder-py3\MariaBaron-CS898BA-Project1\Report_CS898BA_Project1\Selected_Images_2\Speed Limit (60)\Speed_Limit_60_056.png,Speed Limit (60),2
C:\Users\Paula\.spyder-py3\MariaBaron-CS898BA-Project1\Report_CS898BA_Project1\Selected_Images_2\Speed Limit (60)\Speed_Limit_60_200.png,Speed Limit (60),2
C:\Users\Paula\.spyder-py3\MariaBaron-CS898BA-Project1\Report_CS898BA_Project1\Selected_Images_2\Stop\Stop_219.png,Stop,3
C:\Users\Paula\.spyder-py3\MariaBaron-CS898BA-Project1\Report_CS898BA_Project1\Selected_Images_2\Wild animals Crossing\Wild_animals_Crossing_183.png,Wild animals Crossing,4
C:\Users\Paula\.spyder-py3\MariaBaron-CS898BA-Project1\Report_CS898BA_Project1\Selected_Images_2\Stop\Stop_135.png,Stop,3
C:\Users\Paula\.spyder-py3\MariaBaron-CS898BA-Project1\Report_CS898BA_Project1\Selected_Images_2\Speed Limit (60)\Speed_Limit_60_050.png,Speed Limit (60),2
C:\Users\Paula\.spyder-py3\MariaBaron-CS898BA-Project1\Report_CS898BA_Project1\Selected_Images_2\Slippery Road\Slippery_Road_141.png,Slippery Road,1
C:\Users\Paula\.spyder-py3\MariaBaron-CS898BA-Project1\Report_CS898BA_Project1\Selected_Images_2\Stop\Stop_212.png,Stop,3
C:\Users\Paula\.spyder-py3\MariaBaron-CS898BA-Project1\Report_CS898BA_Project1\Selected_Images_2\Stop\Stop_169.png,Stop,3
C:\Users\Paula\.spyder-py3\MariaBaron-CS898BA-Project1\Report_CS898BA_Project1\Selected_Images_2\Pedestrians\Pedestrians_165.png,Pedestrians,0
C:\Users\Paula\.spyder-py3\MariaBaron-CS898BA-Project1\Report_CS898BA_Project1\Selected_Images_2\Speed Limit (60)\Speed_Limit_60_216.png,Speed Limit (60),2
C:\Users\Paula\.spyder-py3\MariaBaron-CS898BA-Project1\Report_CS898BA_Project1\Selected_Images_2\Stop\Stop_246.png,Stop,3
C:\Users\Paula\.spyder-py3\MariaBaron-CS898BA-Project1\Report_CS898BA_Project1\Selected_Images_2\Pedestrians\Pedestrians_074.png,Pedestrians,0
C:\Users\Paula\.spyder-py3\MariaBaron-CS898BA-Project1\Report_CS898BA_Project1\Selected_Images_2\Speed Limit (60)\Speed_Limit_60_151.png,Speed Limit (60),2
C:\Users\Paula\.spyder-py3\MariaBaron-CS898BA-Project1\Report_CS898BA_Project1\Selected_Images_2\Wild animals Crossing\Wild_animals_Crossing_081.png,Wild animals Crossing,4
C:\Users\Paula\.spyder-py3\MariaBaron-CS898BA-Project1\Report_CS898BA_Project1\Selected_Images_2\Stop\Stop_082.png,Stop,3
C:\Users\Paula\.spyder-py3\MariaBaron-CS898BA-Project1\Report_CS898BA_Project1\Selected_Images_2\Slippery Road\Slippery_Road_046.png,Slippery Road,1
C:\Users\Paula\.spyder-py3\MariaBaron-CS898BA-Project1\Report_CS898BA_Project1\Selected_Images_2\Speed Limit (60)\Speed_Limit_60_240.png,Speed Limit (60),2
C:\Users\Paula\.spyder-py3\MariaBaron-CS898BA-Project1\Report_CS898BA_Project1\Selected_Images_2\Wild animals Crossing\Wild_animals_Crossing_133.png,Wild animals Crossing,4
C:\Users\Paula\.spyder-py3\MariaBaron-CS898BA-Project1\Report_CS898BA_Project1\Selected_Images_2\Speed Limit (60)\Speed_Limit_60_137.png,Speed Limit (60),2
C:\Users\Paula\.spyder-py3\MariaBaron-CS898BA-Project1\Report_CS898BA_Project1\Selected_Images_2\Wild animals Crossing\Wild_animals_Crossing_215.png,Wild animals Crossing,4
C:\Users\Paula\.spyder-py3\MariaBaron-CS898BA-Project1\Report_CS898BA_Project1\Selected_Images_2\Stop\Stop_126.png,Stop,3
C:\Users\Paula\.spyder-py3\MariaBaron-CS898BA-Project1\Report_CS898BA_Project1\Selected_Images_2\Stop\Stop_073.png,Stop,3
C:\Users\Paula\.spyder-py3\MariaBaron-CS898BA-Project1\Report_CS898BA_Project1\Selected_Images_2\Speed Limit (60)\Speed_Limit_60_113.png,Speed Limit (60),2
C:\Users\Paula\.spyder-py3\MariaBaron-CS898BA-Project1\Report_CS898BA_Project1\Selected_Images_2\Speed Limit (60)\Speed_Limit_60_239.png,Speed Limit (60),2
C:\Users\Paula\.spyder-py3\MariaBaron-CS898BA-Project1\Report_CS898BA_Project1\Selected_Images_2\Speed Limit (60)\Speed_Limit_60_164.png,Speed Limit (60),2
C:\Users\Paula\.spyder-py3\MariaBaron-CS898BA-Project1\Report_CS898BA_Project1\Selected_Images_2\Pedestrians\Pedestrians_182.png,Pedestrians,0
C:\Users\Paula\.spyder-py3\MariaBaron-CS898BA-Project1\Report_CS898BA_Project1\Selected_Images_2\Wild animals Crossing\Wild_animals_Crossing_052.png,Wild animals Crossing,4
C:\Users\Paula\.spyder-py3\MariaBaron-CS898BA-Project1\Report_CS898BA_Project1\Selected_Images_2\Slippery Road\Slippery_Road_058.png,Slippery Road,1
C:\Users\Paula\.spyder-py3\MariaBaron-CS898BA-Project1\Report_CS898BA_Project1\Selected_Images_2\Stop\Stop_210.png,Stop,3
C:\Users\Paula\.spyder-py3\MariaBaron-CS898BA-Project1\Report_CS898BA_Project1\Selected_Images_2\Slippery Road\Slippery_Road_068.png,Slippery Road,1
C:\Users\Paula\.spyder-py3\MariaBaron-CS898BA-Project1\Report_CS898BA_Project1\Selected_Images_2\Wild animals Crossing\Wild_animals_Crossing_075.png,Wild animals Crossing,4
C:\Users\Paula\.spyder-py3\MariaBaron-CS898BA-Project1\Report_CS898BA_Project1\Selected_Images_2\Stop\Stop_166.png,Stop,3
C:\Users\Paula\.spyder-py3\MariaBaron-CS898BA-Project1\Report_CS898BA_Project1\Selected_Images_2\Stop\Stop_015.png,Stop,3
C:\Users\Paula\.spyder-py3\MariaBaron-CS898BA-Project1\Report_CS898BA_Project1\Selected_Images_2\Wild animals Crossing\Wild_animals_Crossing_146.png,Wild animals Crossing,4
C:\Users\Paula\.spyder-py3\MariaBaron-CS898BA-Project1\Report_CS898BA_Project1\Selected_Images_2\Speed Limit (60)\Speed_Limit_60_123.png,Speed Limit (60),2
C:\Users\Paula\.spyder-py3\MariaBaron-CS898BA-Project1\Report_CS898BA_Project1\Selected_Images_2\Wild animals Crossing\Wild_animals_Crossing_106.png,Wild animals Crossing,4
C:\Users\Paula\.spyder-py3\MariaBaron-CS898BA-Project1\Report_CS898BA_Project1\Selected_Images_2\Wild animals Crossing\Wild_animals_Crossing_148.png,Wild animals Crossing,4
C:\Users\Paula\.spyder-py3\MariaBaron-CS898BA-Project1\Report_CS898BA_Project1\Selected_Images_2\Speed Limit (60)\Speed_Limit_60_172.png,Speed Limit (60),2
C:\Users\Paula\.spyder-py3\MariaBaron-CS898BA-Project1\Report_CS898BA_Project1\Selected_Images_2\Slippery Road\Slippery_Road_049.png,Slippery Road,1
C:\Users\Paula\.spyder-py3\MariaBaron-CS898BA-Project1\Report_CS898BA_Project1\Selected_Images_2\Speed Limit (60)\Speed_Limit_60_157.png,Speed Limit (60),2
C:\Users\Paula\.spyder-py3\MariaBaron-CS898BA-Project1\Report_CS898BA_Project1\Selected_Images_2\Stop\Stop_225.png,Stop,3
C:\Users\Paula\.spyder-py3\MariaBaron-CS898BA-Project1\Report_CS898BA_Project1\Selected_Images_2\Wild animals Crossing\Wild_animals_Crossing_193.png,Wild animals Crossing,4
C:\Users\Paula\.spyder-py3\MariaBaron-CS898BA-Project1\Report_CS898BA_Project1\Selected_Images_2\Wild animals Crossing\Wild_animals_Crossing_031.png,Wild animals Crossing,4
C:\Users\Paula\.spyder-py3\MariaBaron-CS898BA-Project1\Report_CS898BA_Project1\Selected_Images_2\Speed Limit (60)\Speed_Limit_60_039.png,Speed Limit (60),2
C:\Users\Paula\.spyder-py3\MariaBaron-CS898BA-Project1\Report_CS898BA_Project1\Selected_Images_2\Wild animals Crossing\Wild_animals_Crossing_048.png,Wild animals Crossing,4
C:\Users\Paula\.spyder-py3\MariaBaron-CS898BA-Project1\Report_CS898BA_Project1\Selected_Images_2\Slippery Road\Slippery_Road_021.png,Slippery Road,1
C:\Users\Paula\.spyder-py3\MariaBaron-CS898BA-Project1\Report_CS898BA_Project1\Selected_Images_2\Slippery Road\Slippery_Road_074.png,Slippery Road,1
C:\Users\Paula\.spyder-py3\MariaBaron-CS898BA-Project1\Report_CS898BA_Project1\Selected_Images_2\Wild animals Crossing\Wild_animals_Crossing_111.png,Wild animals Crossing,4
C:\Users\Paula\.spyder-py3\MariaBaron-CS898BA-Project1\Report_CS898BA_Project1\Selected_Images_2\Speed Limit (60)\Speed_Limit_60_214.png,Speed Limit (60),2
C:\Users\Paula\.spyder-py3\MariaBaron-CS898BA-Project1\Report_CS898BA_Project1\Selected_Images_2\Stop\Stop_128.png,Stop,3
C:\Users\Paula\.spyder-py3\MariaBaron-CS898BA-Project1\Report_CS898BA_Project1\Selected_Images_2\Speed Limit (60)\Speed_Limit_60_183.png,Speed Limit (60),2
C:\Users\Paula\.spyder-py3\MariaBaron-CS898BA-Project1\Report_CS898BA_Project1\Selected_Images_2\Stop\Stop_044.png,Stop,3
C:\Users\Paula\.spyder-py3\MariaBaron-CS898BA-Project1\Report_CS898BA_Project1\Selected_Images_2\Stop\Stop_189.png,Stop,3
C:\Users\Paula\.spyder-py3\MariaBaron-CS898BA-Project1\Report_CS898BA_Project1\Selected_Images_2\Stop\Stop_206.png,Stop,3
C:\Users\Paula\.spyder-py3\MariaBaron-CS898BA-Project1\Report_CS898BA_Project1\Selected_Images_2\Pedestrians\Pedestrians_234.png,Pedestrians,0
C:\Users\Paula\.spyder-py3\MariaBaron-CS898BA-Project1\Report_CS898BA_Project1\Selected_Images_2\Wild animals Crossing\Wild_animals_Crossing_097.png,Wild animals Crossing,4
C:\Users\Paula\.spyder-py3\MariaBaron-CS898BA-Project1\Report_CS898BA_Project1\Selected_Images_2\Wild animals Crossing\Wild_animals_Crossing_185.png,Wild animals Crossing,4
C:\Users\Paula\.spyder-py3\MariaBaron-CS898BA-Project1\Report_CS898BA_Project1\Selected_Images_2\Stop\Stop_035.png,Stop,3
C:\Users\Paula\.spyder-py3\MariaBaron-CS898BA-Project1\Report_CS898BA_Project1\Selected_Images_2\Speed Limit (60)\Speed_Limit_60_206.png,Speed Limit (60),2
C:\Users\Paula\.spyder-py3\MariaBaron-CS898BA-Project1\Report_CS898BA_Project1\Selected_Images_2\Slippery Road\Slippery_Road_059.png,Slippery Road,1
C:\Users\Paula\.spyder-py3\MariaBaron-CS898BA-Project1\Report_CS898BA_Project1\Selected_Images_2\Wild animals Crossing\Wild_animals_Crossing_042.png,Wild animals Crossing,4
C:\Users\Paula\.spyder-py3\MariaBaron-CS898BA-Project1\Report_CS898BA_Project1\Selected_Images_2\Speed Limit (60)\Speed_Limit_60_018.png,Speed Limit (60),2
C:\Users\Paula\.spyder-py3\MariaBaron-CS898BA-Project1\Report_CS898BA_Project1\Selected_Images_2\Stop\Stop_012.png,Stop,3
C:\Users\Paula\.spyder-py3\MariaBaron-CS898BA-Project1\Report_CS898BA_Project1\Selected_Images_2\Speed Limit (60)\Speed_Limit_60_142.png,Speed Limit (60),2
C:\Users\Paula\.spyder-py3\MariaBaron-CS898BA-Project1\Report_CS898BA_Project1\Selected_Images_2\Slippery Road\Slippery_Road_188.png,Slippery Road,1
C:\Users\Paula\.spyder-py3\MariaBaron-CS898BA-Project1\Report_CS898BA_Project1\Selected_Images_2\Stop\Stop_111.png,Stop,3
C:\Users\Paula\.spyder-py3\MariaBaron-CS898BA-Project1\Report_CS898BA_Project1\Selected_Images_2\Wild animals Crossing\Wild_animals_Crossing_103.png,Wild animals Crossing,4
C:\Users\Paula\.spyder-py3\MariaBaron-CS898BA-Project1\Report_CS898BA_Project1\Selected_Images_2\Stop\Stop_207.png,Stop,3
C:\Users\Paula\.spyder-py3\MariaBaron-CS898BA-Project1\Report_CS898BA_Project1\Selected_Images_2\Speed Limit (60)\Speed_Limit_60_114.png,Speed Limit (60),2
C:\Users\Paula\.spyder-py3\MariaBaron-CS898BA-Project1\Report_CS898BA_Project1\Selected_Images_2\Pedestrians\Pedestrians_060.png,Pedestrians,0
C:\Users\Paula\.spyder-py3\MariaBaron-CS898BA-Project1\Report_CS898BA_Project1\Selected_Images_2\Speed Limit (60)\Speed_Limit_60_250.png,Speed Limit (60),2
C:\Users\Paula\.spyder-py3\MariaBaron-CS898BA-Project1\Report_CS898BA_Project1\Selected_Images_2\Slippery Road\Slippery_Road_031.png,Slippery Road,1
C:\Users\Paula\.spyder-py3\MariaBaron-CS898BA-Project1\Report_CS898BA_Project1\Selected_Images_2\Speed Limit (60)\Speed_Limit_60_234.png,Speed Limit (60),2
C:\Users\Paula\.spyder-py3\MariaBaron-CS898BA-Project1\Report_CS898BA_Project1\Selected_Images_2\Speed Limit (60)\Speed_Limit_60_027.png,Speed Limit (60),2
C:\Users\Paula\.spyder-py3\MariaBaron-CS898BA-Project1\Report_CS898BA_Project1\Selected_Images_2\Stop\Stop_163.png,Stop,3
C:\Users\Paula\.spyder-py3\MariaBaron-CS898BA-Project1\Report_CS898BA_Project1\Selected_Images_2\Stop\Stop_244.png,Stop,3
C:\Users\Paula\.spyder-py3\MariaBaron-CS898BA-Project1\Report_CS898BA_Project1\Selected_Images_2\Wild animals Crossing\Wild_animals_Crossing_045.png,Wild animals Crossing,4
C:\Users\Paula\.spyder-py3\MariaBaron-CS898BA-Project1\Report_CS898BA_Project1\Selected_Images_2\Slippery Road\Slippery_Road_246.png,Slippery Road,1
C:\Users\Paula\.spyder-py3\MariaBaron-CS898BA-Project1\Report_CS898BA_Project1\Selected_Images_2\Speed Limit (60)\Speed_Limit_60_048.png,Speed Limit (60),2
C:\Users\Paula\.spyder-py3\MariaBaron-CS898BA-Project1\Report_CS898BA_Project1\Selected_Images_2\Wild animals Crossing\Wild_animals_Crossing_060.png,Wild animals Crossing,4
C:\Users\Paula\.spyder-py3\MariaBaron-CS898BA-Project1\Report_CS898BA_Project1\Selected_Images_2\Wild animals Crossing\Wild_animals_Crossing_105.png,Wild animals Crossing,4
C:\Users\Paula\.spyder-py3\MariaBaron-CS898BA-Project1\Report_CS898BA_Project1\Selected_Images_2\Pedestrians\Pedestrians_124.png,Pedestrians,0
C:\Users\Paula\.spyder-py3\MariaBaron-CS898BA-Project1\Report_CS898BA_Project1\Selected_Images_2\Speed Limit (60)\Speed_Limit_60_191.png,Speed Limit (60),2
C:\Users\Paula\.spyder-py3\MariaBaron-CS898BA-Project1\Report_CS898BA_Project1\Selected_Images_2\Pedestrians\Pedestrians_081.png,Pedestrians,0
C:\Users\Paula\.spyder-py3\MariaBaron-CS898BA-Project1\Report_CS898BA_Project1\Selected_Images_2\Slippery Road\Slippery_Road_171.png,Slippery Road,1
C:\Users\Paula\.spyder-py3\MariaBaron-CS898BA-Project1\Report_CS898BA_Project1\Selected_Images_2\Slippery Road\Slippery_Road_203.png,Slippery Road,1
C:\Users\Paula\.spyder-py3\MariaBaron-CS898BA-Project1\Report_CS898BA_Project1\Selected_Images_2\Pedestrians\Pedestrians_048.png,Pedestrians,0
C:\Users\Paula\.spyder-py3\MariaBaron-CS898BA-Project1\Report_CS898BA_Project1\Selected_Images_2\Pedestrians\Pedestrians_157.png,Pedestrians,0
C:\Users\Paula\.spyder-py3\MariaBaron-CS898BA-Project1\Report_CS898BA_Project1\Selected_Images_2\Stop\Stop_223.png,Stop,3
C:\Users\Paula\.spyder-py3\MariaBaron-CS898BA-Project1\Report_CS898BA_Project1\Selected_Images_2\Stop\Stop_208.png,Stop,3
C:\Users\Paula\.spyder-py3\MariaBaron-CS898BA-Project1\Report_CS898BA_Project1\Selected_Images_2\Stop\Stop_167.png,Stop,3
C:\Users\Paula\.spyder-py3\MariaBaron-CS898BA-Project1\Report_CS898BA_Project1\Selected_Images_2\Speed Limit (60)\Speed_Limit_60_133.png,Speed Limit (60),2
C:\Users\Paula\.spyder-py3\MariaBaron-CS898BA-Project1\Report_CS898BA_Project1\Selected_Images_2\Speed Limit (60)\Speed_Limit_60_194.png,Speed Limit (60),2
C:\Users\Paula\.spyder-py3\MariaBaron-CS898BA-Project1\Report_CS898BA_Project1\Selected_Images_2\Speed Limit (60)\Speed_Limit_60_249.png,Speed Limit (60),2
C:\Users\Paula\.spyder-py3\MariaBaron-CS898BA-Project1\Report_CS898BA_Project1\Selected_Images_2\Speed Limit (60)\Speed_Limit_60_184.png,Speed Limit (60),2
C:\Users\Paula\.spyder-py3\MariaBaron-CS898BA-Project1\Report_CS898BA_Project1\Selected_Images_2\Slippery Road\Slippery_Road_098.png,Slippery Road,1
C:\Users\Paula\.spyder-py3\MariaBaron-CS898BA-Project1\Report_CS898BA_Project1\Selected_Images_2\Speed Limit (60)\Speed_Limit_60_031.png,Speed Limit (60),2
C:\Users\Paula\.spyder-py3\MariaBaron-CS898BA-Project1\Report_CS898BA_Project1\Selected_Images_2\Stop\Stop_038.png,Stop,3
C:\Users\Paula\.spyder-py3\MariaBaron-CS898BA-Project1\Report_CS898BA_Project1\Selected_Images_2\Pedestrians\Pedestrians_036.png,Pedestrians,0
C:\Users\Paula\.spyder-py3\MariaBaron-CS898BA-Project1\Report_CS898BA_Project1\Selected_Images_2\Pedestrians\Pedestrians_098.png,Pedestrians,0
C:\Users\Paula\.spyder-py3\MariaBaron-CS898BA-Project1\Report_CS898BA_Project1\Selected_Images_2\Stop\Stop_184.png,Stop,3
C:\Users\Paula\.spyder-py3\MariaBaron-CS898BA-Project1\Report_CS898BA_Project1\Selected_Images_2\Stop\Stop_140.png,Stop,3
C:\Users\Paula\.spyder-py3\MariaBaron-CS898BA-Project1\Report_CS898BA_Project1\Selected_Images_2\Wild animals Crossing\Wild_animals_Crossing_080.png,Wild animals Crossing,4
C:\Users\Paula\.spyder-py3\MariaBaron-CS898BA-Project1\Report_CS898BA_Project1\Selected_Images_2\Wild animals Crossing\Wild_animals_Crossing_182.png,Wild animals Crossing,4
C:\Users\Paula\.spyder-py3\MariaBaron-CS898BA-Project1\Report_CS898BA_Project1\Selected_Images_2\Pedestrians\Pedestrians_086.png,Pedestrians,0
C:\Users\Paula\.spyder-py3\MariaBaron-CS898BA-Project1\Report_CS898BA_Project1\Selected_Images_2\Wild animals Crossing\Wild_animals_Crossing_014.png,Wild animals Crossing,4
C:\Users\Paula\.spyder-py3\MariaBaron-CS898BA-Project1\Report_CS898BA_Project1\Selected_Images_2\Pedestrians\Pedestrians_146.png,Pedestrians,0
C:\Users\Paula\.spyder-py3\MariaBaron-CS898BA-Project1\Report_CS898BA_Project1\Selected_Images_2\Pedestrians\Pedestrians_235.png,Pedestrians,0
C:\Users\Paula\.spyder-py3\MariaBaron-CS898BA-Project1\Report_CS898BA_Project1\Selected_Images_2\Slippery Road\Slippery_Road_236.png,Slippery Road,1
C:\Users\Paula\.spyder-py3\MariaBaron-CS898BA-Project1\Report_CS898BA_Project1\Selected_Images_2\Slippery Road\Slippery_Road_241.png,Slippery Road,1
C:\Users\Paula\.spyder-py3\MariaBaron-CS898BA-Project1\Report_CS898BA_Project1\Selected_Images_2\Speed Limit (60)\Speed_Limit_60_062.png,Speed Limit (60),2
C:\Users\Paula\.spyder-py3\MariaBaron-CS898BA-Project1\Report_CS898BA_Project1\Selected_Images_2\Slippery Road\Slippery_Road_064.png,Slippery Road,1
C:\Users\Paula\.spyder-py3\MariaBaron-CS898BA-Project1\Report_CS898BA_Project1\Selected_Images_2\Pedestrians\Pedestrians_087.png,Pedestrians,0
C:\Users\Paula\.spyder-py3\MariaBaron-CS898BA-Project1\Report_CS898BA_Project1\Selected_Images_2\Wild animals Crossing\Wild_animals_Crossing_153.png,Wild animals Crossing,4
C:\Users\Paula\.spyder-py3\MariaBaron-CS898BA-Project1\Report_CS898BA_Project1\Selected_Images_2\Slippery Road\Slippery_Road_119.png,Slippery Road,1
C:\Users\Paula\.spyder-py3\MariaBaron-CS898BA-Project1\Report_CS898BA_Project1\Selected_Images_2\Stop\Stop_130.png,Stop,3
C:\Users\Paula\.spyder-py3\MariaBaron-CS898BA-Project1\Report_CS898BA_Project1\Selected_Images_2\Slippery Road\Slippery_Road_101.png,Slippery Road,1
C:\Users\Paula\.spyder-py3\MariaBaron-CS898BA-Project1\Report_CS898BA_Project1\Selected_Images_2\Slippery Road\Slippery_Road_043.png,Slippery Road,1
C:\Users\Paula\.spyder-py3\MariaBaron-CS898BA-Project1\Report_CS898BA_Project1\Selected_Images_2\Pedestrians\Pedestrians_018.png,Pedestrians,0
C:\Users\Paula\.spyder-py3\MariaBaron-CS898BA-Project1\Report_CS898BA_Project1\Selected_Images_2\Wild animals Crossing\Wild_animals_Crossing_083.png,Wild animals Crossing,4
C:\Users\Paula\.spyder-py3\MariaBaron-CS898BA-Project1\Report_CS898BA_Project1\Selected_Images_2\Speed Limit (60)\Speed_Limit_60_153.png,Speed Limit (60),2
C:\Users\Paula\.spyder-py3\MariaBaron-CS898BA-Project1\Report_CS898BA_Project1\Selected_Images_2\Wild animals Crossing\Wild_animals_Crossing_012.png,Wild animals Crossing,4
C:\Users\Paula\.spyder-py3\MariaBaron-CS898BA-Project1\Report_CS898BA_Project1\Selected_Images_2\Pedestrians\Pedestrians_090.png,Pedestrians,0
C:\Users\Paula\.spyder-py3\MariaBaron-CS898BA-Project1\Report_CS898BA_Project1\Selected_Images_2\Wild animals Crossing\Wild_animals_Crossing_089.png,Wild animals Crossing,4
C:\Users\Paula\.spyder-py3\MariaBaron-CS898BA-Project1\Report_CS898BA_Project1\Selected_Images_2\Wild animals Crossing\Wild_animals_Crossing_107.png,Wild animals Crossing,4
C:\Users\Paula\.spyder-py3\MariaBaron-CS898BA-Project1\Report_CS898BA_Project1\Selected_Images_2\Stop\Stop_183.png,Stop,3
C:\Users\Paula\.spyder-py3\MariaBaron-CS898BA-Project1\Report_CS898BA_Project1\Selected_Images_2\Pedestrians\Pedestrians_179.png,Pedestrians,0
C:\Users\Paula\.spyder-py3\MariaBaron-CS898BA-Project1\Report_CS898BA_Project1\Selected_Images_2\Pedestrians\Pedestrians_213.png,Pedestrians,0
C:\Users\Paula\.spyder-py3\MariaBaron-CS898BA-Project1\Report_CS898BA_Project1\Selected_Images_2\Pedestrians\Pedestrians_207.png,Pedestrians,0
C:\Users\Paula\.spyder-py3\MariaBaron-CS898BA-Project1\Report_CS898BA_Project1\Selected_Images_2\Stop\Stop_075.png,Stop,3
C:\Users\Paula\.spyder-py3\MariaBaron-CS898BA-Project1\Report_CS898BA_Project1\Selected_Images_2\Wild animals Crossing\Wild_animals_Crossing_071.png,Wild animals Crossing,4
C:\Users\Paula\.spyder-py3\MariaBaron-CS898BA-Project1\Report_CS898BA_Project1\Selected_Images_2\Slippery Road\Slippery_Road_150.png,Slippery Road,1
C:\Users\Paula\.spyder-py3\MariaBaron-CS898BA-Project1\Report_CS898BA_Project1\Selected_Images_2\Pedestrians\Pedestrians_140.png,Pedestrians,0
C:\Users\Paula\.spyder-py3\MariaBaron-CS898BA-Project1\Report_CS898BA_Project1\Selected_Images_2\Slippery Road\Slippery_Road_158.png,Slippery Road,1
C:\Users\Paula\.spyder-py3\MariaBaron-CS898BA-Project1\Report_CS898BA_Project1\Selected_Images_2\Slippery Road\Slippery_Road_228.png,Slippery Road,1
C:\Users\Paula\.spyder-py3\MariaBaron-CS898BA-Project1\Report_CS898BA_Project1\Selected_Images_2\Stop\Stop_013.png,Stop,3
C:\Users\Paula\.spyder-py3\MariaBaron-CS898BA-Project1\Report_CS898BA_Project1\Selected_Images_2\Pedestrians\Pedestrians_169.png,Pedestrians,0
C:\Users\Paula\.spyder-py3\MariaBaron-CS898BA-Project1\Report_CS898BA_Project1\Selected_Images_2\Slippery Road\Slippery_Road_118.png,Slippery Road,1
C:\Users\Paula\.spyder-py3\MariaBaron-CS898BA-Project1\Report_CS898BA_Project1\Selected_Images_2\Pedestrians\Pedestrians_052.png,Pedestrians,0
C:\Users\Paula\.spyder-py3\MariaBaron-CS898BA-Project1\Report_CS898BA_Project1\Selected_Images_2\Slippery Road\Slippery_Road_139.png,Slippery Road,1
C:\Users\Paula\.spyder-py3\MariaBaron-CS898BA-Project1\Report_CS898BA_Project1\Selected_Images_2\Stop\Stop_170.png,Stop,3
C:\Users\Paula\.spyder-py3\MariaBaron-CS898BA-Project1\Report_CS898BA_Project1\Selected_Images_2\Speed Limit (60)\Speed_Limit_60_150.png,Speed Limit (60),2
C:\Users\Paula\.spyder-py3\MariaBaron-CS898BA-Project1\Report_CS898BA_Project1\Selected_Images_2\Pedestrians\Pedestrians_082.png,Pedestrians,0
C:\Users\Paula\.spyder-py3\MariaBaron-CS898BA-Project1\Report_CS898BA_Project1\Selected_Images_2\Stop\Stop_045.png,Stop,3
C:\Users\Paula\.spyder-py3\MariaBaron-CS898BA-Project1\Report_CS898BA_Project1\Selected_Images_2\Pedestrians\Pedestrians_025.png,Pedestrians,0
C:\Users\Paula\.spyder-py3\MariaBaron-CS898BA-Project1\Report_CS898BA_Project1\Selected_Images_2\Pedestrians\Pedestrians_231.png,Pedestrians,0
C:\Users\Paula\.spyder-py3\MariaBaron-CS898BA-Project1\Report_CS898BA_Project1\Selected_Images_2\Speed Limit (60)\Speed_Limit_60_057.png,Speed Limit (60),2
C:\Users\Paula\.spyder-py3\MariaBaron-CS898BA-Project1\Report_CS898BA_Project1\Selected_Images_2\Stop\Stop_088.png,Stop,3
C:\Users\Paula\.spyder-py3\MariaBaron-CS898BA-Project1\Report_CS898BA_Project1\Selected_Images_2\Pedestrians\Pedestrians_094.png,Pedestrians,0
C:\Users\Paula\.spyder-py3\MariaBaron-CS898BA-Project1\Report_CS898BA_Project1\Selected_Images_2\Speed Limit (60)\Speed_Limit_60_079.png,Speed Limit (60),2
C:\Users\Paula\.spyder-py3\MariaBaron-CS898BA-Project1\Report_CS898BA_Project1\Selected_Images_2\Wild animals Crossing\Wild_animals_Crossing_056.png,Wild animals Crossing,4
C:\Users\Paula\.spyder-py3\MariaBaron-CS898BA-Project1\Report_CS898BA_Project1\Selected_Images_2\Slippery Road\Slippery_Road_137.png,Slippery Road,1
C:\Users\Paula\.spyder-py3\MariaBaron-CS898BA-Project1\Report_CS898BA_Project1\Selected_Images_2\Pedestrians\Pedestrians_028.png,Pedestrians,0
C:\Users\Paula\.spyder-py3\MariaBaron-CS898BA-Project1\Report_CS898BA_Project1\Selected_Images_2\Pedestrians\Pedestrians_040.png,Pedestrians,0
C:\Users\Paula\.spyder-py3\MariaBaron-CS898BA-Project1\Report_CS898BA_Project1\Selected_Images_2\Slippery Road\Slippery_Road_001.png,Slippery Road,1
C:\Users\Paula\.spyder-py3\MariaBaron-CS898BA-Project1\Report_CS898BA_Project1\Selected_Images_2\Pedestrians\Pedestrians_222.png,Pedestrians,0
C:\Users\Paula\.spyder-py3\MariaBaron-CS898BA-Project1\Report_CS898BA_Project1\Selected_Images_2\Stop\Stop_066.png,Stop,3
C:\Users\Paula\.spyder-py3\MariaBaron-CS898BA-Project1\Report_CS898BA_Project1\Selected_Images_2\Speed Limit (60)\Speed_Limit_60_117.png,Speed Limit (60),2
C:\Users\Paula\.spyder-py3\MariaBaron-CS898BA-Project1\Report_CS898BA_Project1\Selected_Images_2\Stop\Stop_168.png,Stop,3
C:\Users\Paula\.spyder-py3\MariaBaron-CS898BA-Project1\Report_CS898BA_Project1\Selected_Images_2\Slippery Road\Slippery_Road_124.png,Slippery Road,1
C:\Users\Paula\.spyder-py3\MariaBaron-CS898BA-Project1\Report_CS898BA_Project1\Selected_Images_2\Wild animals Crossing\Wild_animals_Crossing_110.png,Wild animals Crossing,4
C:\Users\Paula\.spyder-py3\MariaBaron-CS898BA-Project1\Report_CS898BA_Project1\Selected_Images_2\Speed Limit (60)\Speed_Limit_60_005.png,Speed Limit (60),2
C:\Users\Paula\.spyder-py3\MariaBaron-CS898BA-Project1\Report_CS898BA_Project1\Selected_Images_2\Stop\Stop_131.png,Stop,3
C:\Users\Paula\.spyder-py3\MariaBaron-CS898BA-Project1\Report_CS898BA_Project1\Selected_Images_2\Speed Limit (60)\Speed_Limit_60_245.png,Speed Limit (60),2
C:\Users\Paula\.spyder-py3\MariaBaron-CS898BA-Project1\Report_CS898BA_Project1\Selected_Images_2\Slippery Road\Slippery_Road_189.png,Slippery Road,1
C:\Users\Paula\.spyder-py3\MariaBaron-CS898BA-Project1\Report_CS898BA_Project1\Selected_Images_2\Speed Limit (60)\Speed_Limit_60_006.png,Speed Limit (60),2
C:\Users\Paula\.spyder-py3\MariaBaron-CS898BA-Project1\Report_CS898BA_Project1\Selected_Images_2\Slippery Road\Slippery_Road_052.png,Slippery Road,1
C:\Users\Paula\.spyder-py3\MariaBaron-CS898BA-Project1\Report_CS898BA_Project1\Selected_Images_2\Speed Limit (60)\Speed_Limit_60_052.png,Speed Limit (60),2
C:\Users\Paula\.spyder-py3\MariaBaron-CS898BA-Project1\Report_CS898BA_Project1\Selected_Images_2\Pedestrians\Pedestrians_061.png,Pedestrians,0
C:\Users\Paula\.spyder-py3\MariaBaron-CS898BA-Project1\Report_CS898BA_Project1\Selected_Images_2\Slippery Road\Slippery_Road_012.png,Slippery Road,1
C:\Users\Paula\.spyder-py3\MariaBaron-CS898BA-Project1\Report_CS898BA_Project1\Selected_Images_2\Pedestrians\Pedestrians_116.png,Pedestrians,0
C:\Users\Paula\.spyder-py3\MariaBaron-CS898BA-Project1\Report_CS898BA_Project1\Selected_Images_2\Wild animals Crossing\Wild_animals_Crossing_223.png,Wild animals Crossing,4
C:\Users\Paula\.spyder-py3\MariaBaron-CS898BA-Project1\Report_CS898BA_Project1\Selected_Images_2\Speed Limit (60)\Speed_Limit_60_158.png,Speed Limit (60),2
C:\Users\Paula\.spyder-py3\MariaBaron-CS898BA-Project1\Report_CS898BA_Project1\Selected_Images_2\Speed Limit (60)\Speed_Limit_60_116.png,Speed Limit (60),2
C:\Users\Paula\.spyder-py3\MariaBaron-CS898BA-Project1\Report_CS898BA_Project1\Selected_Images_2\Wild animals Crossing\Wild_animals_Crossing_122.png,Wild animals Crossing,4
C:\Users\Paula\.spyder-py3\MariaBaron-CS898BA-Project1\Report_CS898BA_Project1\Selected_Images_2\Pedestrians\Pedestrians_095.png,Pedestrians,0
C:\Users\Paula\.spyder-py3\MariaBaron-CS898BA-Project1\Report_CS898BA_Project1\Selected_Images_2\Wild animals Crossing\Wild_animals_Crossing_061.png,Wild animals Crossing,4
C:\Users\Paula\.spyder-py3\MariaBaron-CS898BA-Project1\Report_CS898BA_Project1\Selected_Images_2\Stop\Stop_194.png,Stop,3
C:\Users\Paula\.spyder-py3\MariaBaron-CS898BA-Project1\Report_CS898BA_Project1\Selected_Images_2\Pedestrians\Pedestrians_013.png,Pedestrians,0
C:\Users\Paula\.spyder-py3\MariaBaron-CS898BA-Project1\Report_CS898BA_Project1\Selected_Images_2\Stop\Stop_155.png,Stop,3
C:\Users\Paula\.spyder-py3\MariaBaron-CS898BA-Project1\Report_CS898BA_Project1\Selected_Images_2\Pedestrians\Pedestrians_239.png,Pedestrians,0
C:\Users\Paula\.spyder-py3\MariaBaron-CS898BA-Project1\Report_CS898BA_Project1\Selected_Images_2\Slippery Road\Slippery_Road_103.png,Slippery Road,1
C:\Users\Paula\.spyder-py3\MariaBaron-CS898BA-Project1\Report_CS898BA_Project1\Selected_Images_2\Speed Limit (60)\Speed_Limit_60_217.png,Speed Limit (60),2
C:\Users\Paula\.spyder-py3\MariaBaron-CS898BA-Project1\Report_CS898BA_Project1\Selected_Images_2\Slippery Road\Slippery_Road_033.png,Slippery Road,1
C:\Users\Paula\.spyder-py3\MariaBaron-CS898BA-Project1\Report_CS898BA_Project1\Selected_Images_2\Slippery Road\Slippery_Road_247.png,Slippery Road,1
C:\Users\Paula\.spyder-py3\MariaBaron-CS898BA-Project1\Report_CS898BA_Project1\Selected_Images_2\Speed Limit (60)\Speed_Limit_60_238.png,Speed Limit (60),2
C:\Users\Paula\.spyder-py3\MariaBaron-CS898BA-Project1\Report_CS898BA_Project1\Selected_Images_2\Wild animals Crossing\Wild_animals_Crossing_176.png,Wild animals Crossing,4
C:\Users\Paula\.spyder-py3\MariaBaron-CS898BA-Project1\Report_CS898BA_Project1\Selected_Images_2\Slippery Road\Slippery_Road_050.png,Slippery Road,1
C:\Users\Paula\.spyder-py3\MariaBaron-CS898BA-Project1\Report_CS898BA_Project1\Selected_Images_2\Stop\Stop_176.png,Stop,3
C:\Users\Paula\.spyder-py3\MariaBaron-CS898BA-Project1\Report_CS898BA_Project1\Selected_Images_2\Stop\Stop_164.png,Stop,3
C:\Users\Paula\.spyder-py3\MariaBaron-CS898BA-Project1\Report_CS898BA_Project1\Selected_Images_2\Slippery Road\Slippery_Road_016.png,Slippery Road,1
C:\Users\Paula\.spyder-py3\MariaBaron-CS898BA-Project1\Report_CS898BA_Project1\Selected_Images_2\Slippery Road\Slippery_Road_242.png,Slippery Road,1
C:\Users\Paula\.spyder-py3\MariaBaron-CS898BA-Project1\Report_CS898BA_Project1\Selected_Images_2\Pedestrians\Pedestrians_111.png,Pedestrians,0
C:\Users\Paula\.spyder-py3\MariaBaron-CS898BA-Project1\Report_CS898BA_Project1\Selected_Images_2\Stop\Stop_025.png,Stop,3
C:\Users\Paula\.spyder-py3\MariaBaron-CS898BA-Project1\Report_CS898BA_Project1\Selected_Images_2\Slippery Road\Slippery_Road_155.png,Slippery Road,1
C:\Users\Paula\.spyder-py3\MariaBaron-CS898BA-Project1\Report_CS898BA_Project1\Selected_Images_2\Wild animals Crossing\Wild_animals_Crossing_160.png,Wild animals Crossing,4
C:\Users\Paula\.spyder-py3\MariaBaron-CS898BA-Project1\Report_CS898BA_Project1\Selected_Images_2\Stop\Stop_160.png,Stop,3
C:\Users\Paula\.spyder-py3\MariaBaron-CS898BA-Project1\Report_CS898BA_Project1\Selected_Images_2\Pedestrians\Pedestrians_027.png,Pedestrians,0
C:\Users\Paula\.spyder-py3\MariaBaron-CS898BA-Project1\Report_CS898BA_Project1\Selected_Images_2\Stop\Stop_097.png,Stop,3
C:\Users\Paula\.spyder-py3\MariaBaron-CS898BA-Project1\Report_CS898BA_Project1\Selected_Images_2\Stop\Stop_042.png,Stop,3
C:\Users\Paula\.spyder-py3\MariaBaron-CS898BA-Project1\Report_CS898BA_Project1\Selected_Images_2\Speed Limit (60)\Speed_Limit_60_094.png,Speed Limit (60),2
C:\Users\Paula\.spyder-py3\MariaBaron-CS898BA-Project1\Report_CS898BA_Project1\Selected_Images_2\Speed Limit (60)\Speed_Limit_60_227.png,Speed Limit (60),2
C:\Users\Paula\.spyder-py3\MariaBaron-CS898BA-Project1\Report_CS898BA_Project1\Selected_Images_2\Stop\Stop_005.png,Stop,3
C:\Users\Paula\.spyder-py3\MariaBaron-CS898BA-Project1\Report_CS898BA_Project1\Selected_Images_2\Slippery Road\Slippery_Road_174.png,Slippery Road,1
C:\Users\Paula\.spyder-py3\MariaBaron-CS898BA-Project1\Report_CS898BA_Project1\Selected_Images_2\Wild animals Crossing\Wild_animals_Crossing_099.png,Wild animals Crossing,4
C:\Users\Paula\.spyder-py3\MariaBaron-CS898BA-Project1\Report_CS898BA_Project1\Selected_Images_2\Slippery Road\Slippery_Road_006.png,Slippery Road,1
C:\Users\Paula\.spyder-py3\MariaBaron-CS898BA-Project1\Report_CS898BA_Project1\Selected_Images_2\Wild animals Crossing\Wild_animals_Crossing_218.png,Wild animals Crossing,4
C:\Users\Paula\.spyder-py3\MariaBaron-CS898BA-Project1\Report_CS898BA_Project1\Selected_Images_2\Slippery Road\Slippery_Road_153.png,Slippery Road,1
C:\Users\Paula\.spyder-py3\MariaBaron-CS898BA-Project1\Report_CS898BA_Project1\Selected_Images_2\Pedestrians\Pedestrians_155.png,Pedestrians,0
C:\Users\Paula\.spyder-py3\MariaBaron-CS898BA-Project1\Report_CS898BA_Project1\Selected_Images_2\Slippery Road\Slippery_Road_109.png,Slippery Road,1
C:\Users\Paula\.spyder-py3\MariaBaron-CS898BA-Project1\Report_CS898BA_Project1\Selected_Images_2\Wild animals Crossing\Wild_animals_Crossing_021.png,Wild animals Crossing,4
C:\Users\Paula\.spyder-py3\MariaBaron-CS898BA-Project1\Report_CS898BA_Project1\Selected_Images_2\Stop\Stop_245.png,Stop,3
C:\Users\Paula\.spyder-py3\MariaBaron-CS898BA-Project1\Report_CS898BA_Project1\Selected_Images_2\Pedestrians\Pedestrians_209.png,Pedestrians,0
C:\Users\Paula\.spyder-py3\MariaBaron-CS898BA-Project1\Report_CS898BA_Project1\Selected_Images_2\Wild animals Crossing\Wild_animals_Crossing_068.png,Wild animals Crossing,4
C:\Users\Paula\.spyder-py3\MariaBaron-CS898BA-Project1\Report_CS898BA_Project1\Selected_Images_2\Slippery Road\Slippery_Road_157.png,Slippery Road,1
C:\Users\Paula\.spyder-py3\MariaBaron-CS898BA-Project1\Report_CS898BA_Project1\Selected_Images_2\Pedestrians\Pedestrians_223.png,Pedestrians,0
C:\Users\Paula\.spyder-py3\MariaBaron-CS898BA-Project1\Report_CS898BA_Project1\Selected_Images_2\Speed Limit (60)\Speed_Limit_60_176.png,Speed Limit (60),2
C:\Users\Paula\.spyder-py3\MariaBaron-CS898BA-Project1\Report_CS898BA_Project1\Selected_Images_2\Stop\Stop_061.png,Stop,3
C:\Users\Paula\.spyder-py3\MariaBaron-CS898BA-Project1\Report_CS898BA_Project1\Selected_Images_2\Stop\Stop_152.png,Stop,3
C:\Users\Paula\.spyder-py3\MariaBaron-CS898BA-Project1\Report_CS898BA_Project1\Selected_Images_2\Pedestrians\Pedestrians_225.png,Pedestrians,0
C:\Users\Paula\.spyder-py3\MariaBaron-CS898BA-Project1\Report_CS898BA_Project1\Selected_Images_2\Speed Limit (60)\Speed_Limit_60_211.png,Speed Limit (60),2
C:\Users\Paula\.spyder-py3\MariaBaron-CS898BA-Project1\Report_CS898BA_Project1\Selected_Images_2\Speed Limit (60)\Speed_Limit_60_127.png,Speed Limit (60),2
C:\Users\Paula\.spyder-py3\MariaBaron-CS898BA-Project1\Report_CS898BA_Project1\Selected_Images_2\Speed Limit (60)\Speed_Limit_60_169.png,Speed Limit (60),2
C:\Users\Paula\.spyder-py3\MariaBaron-CS898BA-Project1\Report_CS898BA_Project1\Selected_Images_2\Speed Limit (60)\Speed_Limit_60_167.png,Speed Limit (60),2
C:\Users\Paula\.spyder-py3\MariaBaron-CS898BA-Project1\Report_CS898BA_Project1\Selected_Images_2\Pedestrians\Pedestrians_109.png,Pedestrians,0
C:\Users\Paula\.spyder-py3\MariaBaron-CS898BA-Project1\Report_CS898BA_Project1\Selected_Images_2\Speed Limit (60)\Speed_Limit_60_149.png,Speed Limit (60),2
C:\Users\Paula\.spyder-py3\MariaBaron-CS898BA-Project1\Report_CS898BA_Project1\Selected_Images_2\Speed Limit (60)\Speed_Limit_60_086.png,Speed Limit (60),2
C:\Users\Paula\.spyder-py3\MariaBaron-CS898BA-Project1\Report_CS898BA_Project1\Selected_Images_2\Stop\Stop_109.png,Stop,3
C:\Users\Paula\.spyder-py3\MariaBaron-CS898BA-Project1\Report_CS898BA_Project1\Selected_Images_2\Stop\Stop_186.png,Stop,3
C:\Users\Paula\.spyder-py3\MariaBaron-CS898BA-Project1\Report_CS898BA_Project1\Selected_Images_2\Stop\Stop_091.png,Stop,3
C:\Users\Paula\.spyder-py3\MariaBaron-CS898BA-Project1\Report_CS898BA_Project1\Selected_Images_2\Pedestrians\Pedestrians_114.png,Pedestrians,0
C:\Users\Paula\.spyder-py3\MariaBaron-CS898BA-Project1\Report_CS898BA_Project1\Selected_Images_2\Pedestrians\Pedestrians_219.png,Pedestrians,0
C:\Users\Paula\.spyder-py3\MariaBaron-CS898BA-Project1\Report_CS898BA_Project1\Selected_Images_2\Stop\Stop_052.png,Stop,3
C:\Users\Paula\.spyder-py3\MariaBaron-CS898BA-Project1\Report_CS898BA_Project1\Selected_Images_2\Pedestrians\Pedestrians_121.png,Pedestrians,0
C:\Users\Paula\.spyder-py3\MariaBaron-CS898BA-Project1\Report_CS898BA_Project1\Selected_Images_2\Stop\Stop_029.png,Stop,3
C:\Users\Paula\.spyder-py3\MariaBaron-CS898BA-Project1\Report_CS898BA_Project1\Selected_Images_2\Speed Limit (60)\Speed_Limit_60_003.png,Speed Limit (60),2
C:\Users\Paula\.spyder-py3\MariaBaron-CS898BA-Project1\Report_CS898BA_Project1\Selected_Images_2\Stop\Stop_214.png,Stop,3
C:\Users\Paula\.spyder-py3\MariaBaron-CS898BA-Project1\Report_CS898BA_Project1\Selected_Images_2\Slippery Road\Slippery_Road_134.png,Slippery Road,1
C:\Users\Paula\.spyder-py3\MariaBaron-CS898BA-Project1\Report_CS898BA_Project1\Selected_Images_2\Slippery Road\Slippery_Road_108.png,Slippery Road,1
C:\Users\Paula\.spyder-py3\MariaBaron-CS898BA-Project1\Report_CS898BA_Project1\Selected_Images_2\Wild animals Crossing\Wild_animals_Crossing_240.png,Wild animals Crossing,4
C:\Users\Paula\.spyder-py3\MariaBaron-CS898BA-Project1\Report_CS898BA_Project1\Selected_Images_2\Slippery Road\Slippery_Road_121.png,Slippery Road,1
C:\Users\Paula\.spyder-py3\MariaBaron-CS898BA-Project1\Report_CS898BA_Project1\Selected_Images_2\Speed Limit (60)\Speed_Limit_60_138.png,Speed Limit (60),2
C:\Users\Paula\.spyder-py3\MariaBaron-CS898BA-Project1\Report_CS898BA_Project1\Selected_Images_2\Speed Limit (60)\Speed_Limit_60_187.png,Speed Limit (60),2
C:\Users\Paula\.spyder-py3\MariaBaron-CS898BA-Project1\Report_CS898BA_Project1\Selected_Images_2\Speed Limit (60)\Speed_Limit_60_177.png,Speed Limit (60),2
C:\Users\Paula\.spyder-py3\MariaBaron-CS898BA-Project1\Report_CS898BA_Project1\Selected_Images_2\Stop\Stop_096.png,Stop,3
C:\Users\Paula\.spyder-py3\MariaBaron-CS898BA-Project1\Report_CS898BA_Project1\Selected_Images_2\Slippery Road\Slippery_Road_005.png,Slippery Road,1
C:\Users\Paula\.spyder-py3\MariaBaron-CS898BA-Project1\Report_CS898BA_Project1\Selected_Images_2\Stop\Stop_103.png,Stop,3
C:\Users\Paula\.spyder-py3\MariaBaron-CS898BA-Project1\Report_CS898BA_Project1\Selected_Images_2\Slippery Road\Slippery_Road_035.png,Slippery Road,1
C:\Users\Paula\.spyder-py3\MariaBaron-CS898BA-Project1\Report_CS898BA_Project1\Selected_Images_2\Slippery Road\Slippery_Road_240.png,Slippery Road,1
C:\Users\Paula\.spyder-py3\MariaBaron-CS898BA-Project1\Report_CS898BA_Project1\Selected_Images_2\Slippery Road\Slippery_Road_122.png,Slippery Road,1
C:\Users\Paula\.spyder-py3\MariaBaron-CS898BA-Project1\Report_CS898BA_Project1\Selected_Images_2\Stop\Stop_144.png,Stop,3
C:\Users\Paula\.spyder-py3\MariaBaron-CS898BA-Project1\Report_CS898BA_Project1\Selected_Images_2\Slippery Road\Slippery_Road_110.png,Slippery Road,1
C:\Users\Paula\.spyder-py3\MariaBaron-CS898BA-Project1\Report_CS898BA_Project1\Selected_Images_2\Speed Limit (60)\Speed_Limit_60_136.png,Speed Limit (60),2
C:\Users\Paula\.spyder-py3\MariaBaron-CS898BA-Project1\Report_CS898BA_Project1\Selected_Images_2\Wild animals Crossing\Wild_animals_Crossing_219.png,Wild animals Crossing,4
C:\Users\Paula\.spyder-py3\MariaBaron-CS898BA-Project1\Report_CS898BA_Project1\Selected_Images_2\Stop\Stop_031.png,Stop,3
C:\Users\Paula\.spyder-py3\MariaBaron-CS898BA-Project1\Report_CS898BA_Project1\Selected_Images_2\Stop\Stop_234.png,Stop,3
C:\Users\Paula\.spyder-py3\MariaBaron-CS898BA-Project1\Report_CS898BA_Project1\Selected_Images_2\Wild animals Crossing\Wild_animals_Crossing_123.png,Wild animals Crossing,4
C:\Users\Paula\.spyder-py3\MariaBaron-CS898BA-Project1\Report_CS898BA_Project1\Selected_Images_2\Stop\Stop_213.png,Stop,3
C:\Users\Paula\.spyder-py3\MariaBaron-CS898BA-Project1\Report_CS898BA_Project1\Selected_Images_2\Wild animals Crossing\Wild_animals_Crossing_214.png,Wild animals Crossing,4
C:\Users\Paula\.spyder-py3\MariaBaron-CS898BA-Project1\Report_CS898BA_Project1\Selected_Images_2\Wild animals Crossing\Wild_animals_Crossing_204.png,Wild animals Crossing,4
C:\Users\Paula\.spyder-py3\MariaBaron-CS898BA-Project1\Report_CS898BA_Project1\Selected_Images_2\Slippery Road\Slippery_Road_130.png,Slippery Road,1
C:\Users\Paula\.spyder-py3\MariaBaron-CS898BA-Project1\Report_CS898BA_Project1\Selected_Images_2\Slippery Road\Slippery_Road_018.png,Slippery Road,1
C:\Users\Paula\.spyder-py3\MariaBaron-CS898BA-Project1\Report_CS898BA_Project1\Selected_Images_2\Stop\Stop_200.png,Stop,3
C:\Users\Paula\.spyder-py3\MariaBaron-CS898BA-Project1\Report_CS898BA_Project1\Selected_Images_2\Speed Limit (60)\Speed_Limit_60_148.png,Speed Limit (60),2
C:\Users\Paula\.spyder-py3\MariaBaron-CS898BA-Project1\Report_CS898BA_Project1\Selected_Images_2\Wild animals Crossing\Wild_animals_Crossing_228.png,Wild animals Crossing,4
C:\Users\Paula\.spyder-py3\MariaBaron-CS898BA-Project1\Report_CS898BA_Project1\Selected_Images_2\Speed Limit (60)\Speed_Limit_60_022.png,Speed Limit (60),2
C:\Users\Paula\.spyder-py3\MariaBaron-CS898BA-Project1\Report_CS898BA_Project1\Selected_Images_2\Slippery Road\Slippery_Road_056.png,Slippery Road,1
C:\Users\Paula\.spyder-py3\MariaBaron-CS898BA-Project1\Report_CS898BA_Project1\Selected_Images_2\Speed Limit (60)\Speed_Limit_60_190.png,Speed Limit (60),2
C:\Users\Paula\.spyder-py3\MariaBaron-CS898BA-Project1\Report_CS898BA_Project1\Selected_Images_2\Speed Limit (60)\Speed_Limit_60_051.png,Speed Limit (60),2
C:\Users\Paula\.spyder-py3\MariaBaron-CS898BA-Project1\Report_CS898BA_Project1\Selected_Images_2\Wild animals Crossing\Wild_animals_Crossing_244.png,Wild animals Crossing,4
C:\Users\Paula\.spyder-py3\MariaBaron-CS898BA-Project1\Report_CS898BA_Project1\Selected_Images_2\Stop\Stop_248.png,Stop,3
C:\Users\Paula\.spyder-py3\MariaBaron-CS898BA-Project1\Report_CS898BA_Project1\Selected_Images_2\Slippery Road\Slippery_Road_167.png,Slippery Road,1
C:\Users\Paula\.spyder-py3\MariaBaron-CS898BA-Project1\Report_CS898BA_Project1\Selected_Images_2\Pedestrians\Pedestrians_129.png,Pedestrians,0
C:\Users\Paula\.spyder-py3\MariaBaron-CS898BA-Project1\Report_CS898BA_Project1\Selected_Images_2\Slippery Road\Slippery_Road_145.png,Slippery Road,1
C:\Users\Paula\.spyder-py3\MariaBaron-CS898BA-Project1\Report_CS898BA_Project1\Selected_Images_2\Wild animals Crossing\Wild_animals_Crossing_008.png,Wild animals Crossing,4
C:\Users\Paula\.spyder-py3\MariaBaron-CS898BA-Project1\Report_CS898BA_Project1\Selected_Images_2\Speed Limit (60)\Speed_Limit_60_030.png,Speed Limit (60),2
C:\Users\Paula\.spyder-py3\MariaBaron-CS898BA-Project1\Report_CS898BA_Project1\Selected_Images_2\Speed Limit (60)\Speed_Limit_60_059.png,Speed Limit (60),2
C:\Users\Paula\.spyder-py3\MariaBaron-CS898BA-Project1\Report_CS898BA_Project1\Selected_Images_2\Stop\Stop_069.png,Stop,3
C:\Users\Paula\.spyder-py3\MariaBaron-CS898BA-Project1\Report_CS898BA_Project1\Selected_Images_2\Slippery Road\Slippery_Road_201.png,Slippery Road,1
C:\Users\Paula\.spyder-py3\MariaBaron-CS898BA-Project1\Report_CS898BA_Project1\Selected_Images_2\Wild animals Crossing\Wild_animals_Crossing_022.png,Wild animals Crossing,4
C:\Users\Paula\.spyder-py3\MariaBaron-CS898BA-Project1\Report_CS898BA_Project1\Selected_Images_2\Stop\Stop_228.png,Stop,3
C:\Users\Paula\.spyder-py3\MariaBaron-CS898BA-Project1\Report_CS898BA_Project1\Selected_Images_2\Stop\Stop_070.png,Stop,3
C:\Users\Paula\.spyder-py3\MariaBaron-CS898BA-Project1\Report_CS898BA_Project1\Selected_Images_2\Speed Limit (60)\Speed_Limit_60_121.png,Speed Limit (60),2
C:\Users\Paula\.spyder-py3\MariaBaron-CS898BA-Project1\Report_CS898BA_Project1\Selected_Images_2\Wild animals Crossing\Wild_animals_Crossing_167.png,Wild animals Crossing,4
C:\Users\Paula\.spyder-py3\MariaBaron-CS898BA-Project1\Report_CS898BA_Project1\Selected_Images_2\Speed Limit (60)\Speed_Limit_60_047.png,Speed Limit (60),2
C:\Users\Paula\.spyder-py3\MariaBaron-CS898BA-Project1\Report_CS898BA_Project1\Selected_Images_2\Pedestrians\Pedestrians_070.png,Pedestrians,0
C:\Users\Paula\.spyder-py3\MariaBaron-CS898BA-Project1\Report_CS898BA_Project1\Selected_Images_2\Wild animals Crossing\Wild_animals_Crossing_066.png,Wild animals Crossing,4
C:\Users\Paula\.spyder-py3\MariaBaron-CS898BA-Project1\Report_CS898BA_Project1\Selected_Images_2\Slippery Road\Slippery_Road_209.png,Slippery Road,1
C:\Users\Paula\.spyder-py3\MariaBaron-CS898BA-Project1\Report_CS898BA_Project1\Selected_Images_2\Pedestrians\Pedestrians_012.png,Pedestrians,0
C:\Users\Paula\.spyder-py3\MariaBaron-CS898BA-Project1\Report_CS898BA_Project1\Selected_Images_2\Slippery Road\Slippery_Road_073.png,Slippery Road,1
C:\Users\Paula\.spyder-py3\MariaBaron-CS898BA-Project1\Report_CS898BA_Project1\Selected_Images_2\Stop\Stop_178.png,Stop,3
C:\Users\Paula\.spyder-py3\MariaBaron-CS898BA-Project1\Report_CS898BA_Project1\Selected_Images_2\Wild animals Crossing\Wild_animals_Crossing_154.png,Wild animals Crossing,4
C:\Users\Paula\.spyder-py3\MariaBaron-CS898BA-Project1\Report_CS898BA_Project1\Selected_Images_2\Pedestrians\Pedestrians_065.png,Pedestrians,0
C:\Users\Paula\.spyder-py3\MariaBaron-CS898BA-Project1\Report_CS898BA_Project1\Selected_Images_2\Stop\Stop_127.png,Stop,3
C:\Users\Paula\.spyder-py3\MariaBaron-CS898BA-Project1\Report_CS898BA_Project1\Selected_Images_2\Wild animals Crossing\Wild_animals_Crossing_192.png,Wild animals Crossing,4
C:\Users\Paula\.spyder-py3\MariaBaron-CS898BA-Project1\Report_CS898BA_Project1\Selected_Images_2\Speed Limit (60)\Speed_Limit_60_107.png,Speed Limit (60),2
C:\Users\Paula\.spyder-py3\MariaBaron-CS898BA-Project1\Report_CS898BA_Project1\Selected_Images_2\Wild animals Crossing\Wild_animals_Crossing_243.png,Wild animals Crossing,4
C:\Users\Paula\.spyder-py3\MariaBaron-CS898BA-Project1\Report_CS898BA_Project1\Selected_Images_2\Stop\Stop_177.png,Stop,3
C:\Users\Paula\.spyder-py3\MariaBaron-CS898BA-Project1\Report_CS898BA_Project1\Selected_Images_2\Slippery Road\Slippery_Road_008.png,Slippery Road,1
C:\Users\Paula\.spyder-py3\MariaBaron-CS898BA-Project1\Report_CS898BA_Project1\Selected_Images_2\Wild animals Crossing\Wild_animals_Crossing_086.png,Wild animals Crossing,4
C:\Users\Paula\.spyder-py3\MariaBaron-CS898BA-Project1\Report_CS898BA_Project1\Selected_Images_2\Stop\Stop_224.png,Stop,3
C:\Users\Paula\.spyder-py3\MariaBaron-CS898BA-Project1\Report_CS898BA_Project1\Selected_Images_2\Stop\Stop_250.png,Stop,3
C:\Users\Paula\.spyder-py3\MariaBaron-CS898BA-Project1\Report_CS898BA_Project1\Selected_Images_2\Stop\Stop_180.png,Stop,3
C:\Users\Paula\.spyder-py3\MariaBaron-CS898BA-Project1\Report_CS898BA_Project1\Selected_Images_2\Wild animals Crossing\Wild_animals_Crossing_093.png,Wild animals Crossing,4
C:\Users\Paula\.spyder-py3\MariaBaron-CS898BA-Project1\Report_CS898BA_Project1\Selected_Images_2\Speed Limit (60)\Speed_Limit_60_041.png,Speed Limit (60),2
C:\Users\Paula\.spyder-py3\MariaBaron-CS898BA-Project1\Report_CS898BA_Project1\Selected_Images_2\Wild animals Crossing\Wild_animals_Crossing_144.png,Wild animals Crossing,4
C:\Users\Paula\.spyder-py3\MariaBaron-CS898BA-Project1\Report_CS898BA_Project1\Selected_Images_2\Pedestrians\Pedestrians_077.png,Pedestrians,0
C:\Users\Paula\.spyder-py3\MariaBaron-CS898BA-Project1\Report_CS898BA_Project1\Selected_Images_2\Wild animals Crossing\Wild_animals_Crossing_136.png,Wild animals Crossing,4
C:\Users\Paula\.spyder-py3\MariaBaron-CS898BA-Project1\Report_CS898BA_Project1\Selected_Images_2\Speed Limit (60)\Speed_Limit_60_054.png,Speed Limit (60),2
C:\Users\Paula\.spyder-py3\MariaBaron-CS898BA-Project1\Report_CS898BA_Project1\Selected_Images_2\Speed Limit (60)\Speed_Limit_60_064.png,Speed Limit (60),2
C:\Users\Paula\.spyder-py3\MariaBaron-CS898BA-Project1\Report_CS898BA_Project1\Selected_Images_2\Speed Limit (60)\Speed_Limit_60_034.png,Speed Limit (60),2
C:\Users\Paula\.spyder-py3\MariaBaron-CS898BA-Project1\Report_CS898BA_Project1\Selected_Images_2\Pedestrians\Pedestrians_187.png,Pedestrians,0
C:\Users\Paula\.spyder-py3\MariaBaron-CS898BA-Project1\Report_CS898BA_Project1\Selected_Images_2\Stop\Stop_215.png,Stop,3
C:\Users\Paula\.spyder-py3\MariaBaron-CS898BA-Project1\Report_CS898BA_Project1\Selected_Images_2\Stop\Stop_204.png,Stop,3
C:\Users\Paula\.spyder-py3\MariaBaron-CS898BA-Project1\Report_CS898BA_Project1\Selected_Images_2\Stop\Stop_191.png,Stop,3
C:\Users\Paula\.spyder-py3\MariaBaron-CS898BA-Project1\Report_CS898BA_Project1\Selected_Images_2\Pedestrians\Pedestrians_029.png,Pedestrians,0
C:\Users\Paula\.spyder-py3\MariaBaron-CS898BA-Project1\Report_CS898BA_Project1\Selected_Images_2\Pedestrians\Pedestrians_047.png,Pedestrians,0
C:\Users\Paula\.spyder-py3\MariaBaron-CS898BA-Project1\Report_CS898BA_Project1\Selected_Images_2\Slippery Road\Slippery_Road_237.png,Slippery Road,1
C:\Users\Paula\.spyder-py3\MariaBaron-CS898BA-Project1\Report_CS898BA_Project1\Selected_Images_2\Pedestrians\Pedestrians_023.png,Pedestrians,0
C:\Users\Paula\.spyder-py3\MariaBaron-CS898BA-Project1\Report_CS898BA_Project1\Selected_Images_2\Speed Limit (60)\Speed_Limit_60_243.png,Speed Limit (60),2
C:\Users\Paula\.spyder-py3\MariaBaron-CS898BA-Project1\Report_CS898BA_Project1\Selected_Images_2\Pedestrians\Pedestrians_144.png,Pedestrians,0
C:\Users\Paula\.spyder-py3\MariaBaron-CS898BA-Project1\Report_CS898BA_Project1\Selected_Images_2\Slippery Road\Slippery_Road_221.png,Slippery Road,1
C:\Users\Paula\.spyder-py3\MariaBaron-CS898BA-Project1\Report_CS898BA_Project1\Selected_Images_2\Pedestrians\Pedestrians_115.png,Pedestrians,0
C:\Users\Paula\.spyder-py3\MariaBaron-CS898BA-Project1\Report_CS898BA_Project1\Selected_Images_2\Stop\Stop_112.png,Stop,3
C:\Users\Paula\.spyder-py3\MariaBaron-CS898BA-Project1\Report_CS898BA_Project1\Selected_Images_2\Pedestrians\Pedestrians_101.png,Pedestrians,0
C:\Users\Paula\.spyder-py3\MariaBaron-CS898BA-Project1\Report_CS898BA_Project1\Selected_Images_2\Wild animals Crossing\Wild_animals_Crossing_200.png,Wild animals Crossing,4
C:\Users\Paula\.spyder-py3\MariaBaron-CS898BA-Project1\Report_CS898BA_Project1\Selected_Images_2\Wild animals Crossing\Wild_animals_Crossing_019.png,Wild animals Crossing,4
C:\Users\Paula\.spyder-py3\MariaBaron-CS898BA-Project1\Report_CS898BA_Project1\Selected_Images_2\Wild animals Crossing\Wild_animals_Crossing_129.png,Wild animals Crossing,4
C:\Users\Paula\.spyder-py3\MariaBaron-CS898BA-Project1\Report_CS898BA_Project1\Selected_Images_2\Wild animals Crossing\Wild_animals_Crossing_028.png,Wild animals Crossing,4
C:\Users\Paula\.spyder-py3\MariaBaron-CS898BA-Project1\Report_CS898BA_Project1\Selected_Images_2\Wild animals Crossing\Wild_animals_Crossing_015.png,Wild animals Crossing,4
C:\Users\Paula\.spyder-py3\MariaBaron-CS898BA-Project1\Report_CS898BA_Project1\Selected_Images_2\Pedestrians\Pedestrians_186.png,Pedestrians,0
C:\Users\Paula\.spyder-py3\MariaBaron-CS898BA-Project1\Report_CS898BA_Project1\Selected_Images_2\Slippery Road\Slippery_Road_093.png,Slippery Road,1
C:\Users\Paula\.spyder-py3\MariaBaron-CS898BA-Project1\Report_CS898BA_Project1\Selected_Images_2\Pedestrians\Pedestrians_168.png,Pedestrians,0
C:\Users\Paula\.spyder-py3\MariaBaron-CS898BA-Project1\Report_CS898BA_Project1\Selected_Images_2\Stop\Stop_020.png,Stop,3
C:\Users\Paula\.spyder-py3\MariaBaron-CS898BA-Project1\Report_CS898BA_Project1\Selected_Images_2\Speed Limit (60)\Speed_Limit_60_166.png,Speed Limit (60),2
C:\Users\Paula\.spyder-py3\MariaBaron-CS898BA-Project1\Report_CS898BA_Project1\Selected_Images_2\Wild animals Crossing\Wild_animals_Crossing_088.png,Wild animals Crossing,4
C:\Users\Paula\.spyder-py3\MariaBaron-CS898BA-Project1\Report_CS898BA_Project1\Selected_Images_2\Pedestrians\Pedestrians_073.png,Pedestrians,0
C:\Users\Paula\.spyder-py3\MariaBaron-CS898BA-Project1\Report_CS898BA_Project1\Selected_Images_2\Stop\Stop_022.png,Stop,3
C:\Users\Paula\.spyder-py3\MariaBaron-CS898BA-Project1\Report_CS898BA_Project1\Selected_Images_2\Stop\Stop_222.png,Stop,3
C:\Users\Paula\.spyder-py3\MariaBaron-CS898BA-Project1\Report_CS898BA_Project1\Selected_Images_2\Speed Limit (60)\Speed_Limit_60_017.png,Speed Limit (60),2
C:\Users\Paula\.spyder-py3\MariaBaron-CS898BA-Project1\Report_CS898BA_Project1\Selected_Images_2\Speed Limit (60)\Speed_Limit_60_159.png,Speed Limit (60),2
C:\Users\Paula\.spyder-py3\MariaBaron-CS898BA-Project1\Report_CS898BA_Project1\Selected_Images_2\Wild animals Crossing\Wild_animals_Crossing_195.png,Wild animals Crossing,4
C:\Users\Paula\.spyder-py3\MariaBaron-CS898BA-Project1\Report_CS898BA_Project1\Selected_Images_2\Speed Limit (60)\Speed_Limit_60_205.png,Speed Limit (60),2
C:\Users\Paula\.spyder-py3\MariaBaron-CS898BA-Project1\Report_CS898BA_Project1\Selected_Images_2\Stop\Stop_241.png,Stop,3
C:\Users\Paula\.spyder-py3\MariaBaron-CS898BA-Project1\Report_CS898BA_Project1\Selected_Images_2\Stop\Stop_153.png,Stop,3
C:\Users\Paula\.spyder-py3\MariaBaron-CS898BA-Project1\Report_CS898BA_Project1\Selected_Images_2\Pedestrians\Pedestrians_148.png,Pedestrians,0
C:\Users\Paula\.spyder-py3\MariaBaron-CS898BA-Project1\Report_CS898BA_Project1\Selected_Images_2\Slippery Road\Slippery_Road_094.png,Slippery Road,1
C:\Users\Paula\.spyder-py3\MariaBaron-CS898BA-Project1\Report_CS898BA_Project1\Selected_Images_2\Wild animals Crossing\Wild_animals_Crossing_119.png,Wild animals Crossing,4
C:\Users\Paula\.spyder-py3\MariaBaron-CS898BA-Project1\Report_CS898BA_Project1\Selected_Images_2\Speed Limit (60)\Speed_Limit_60_204.png,Speed Limit (60),2
C:\Users\Paula\.spyder-py3\MariaBaron-CS898BA-Project1\Report_CS898BA_Project1\Selected_Images_2\Wild animals Crossing\Wild_animals_Crossing_074.png,Wild animals Crossing,4
C:\Users\Paula\.spyder-py3\MariaBaron-CS898BA-Project1\Report_CS898BA_Project1\Selected_Images_2\Stop\Stop_036.png,Stop,3
C:\Users\Paula\.spyder-py3\MariaBaron-CS898BA-Project1\Report_CS898BA_Project1\Selected_Images_2\Slippery Road\Slippery_Road_196.png,Slippery Road,1
C:\Users\Paula\.spyder-py3\MariaBaron-CS898BA-Project1\Report_CS898BA_Project1\Selected_Images_2\Pedestrians\Pedestrians_035.png,Pedestrians,0
C:\Users\Paula\.spyder-py3\MariaBaron-CS898BA-Project1\Report_CS898BA_Project1\Selected_Images_2\Wild animals Crossing\Wild_animals_Crossing_058.png,Wild animals Crossing,4
C:\Users\Paula\.spyder-py3\MariaBaron-CS898BA-Project1\Report_CS898BA_Project1\Selected_Images_2\Speed Limit (60)\Speed_Limit_60_242.png,Speed Limit (60),2
C:\Users\Paula\.spyder-py3\MariaBaron-CS898BA-Project1\Report_CS898BA_Project1\Selected_Images_2\Speed Limit (60)\Speed_Limit_60_023.png,Speed Limit (60),2
C:\Users\Paula\.spyder-py3\MariaBaron-CS898BA-Project1\Report_CS898BA_Project1\Selected_Images_2\Slippery Road\Slippery_Road_038.png,Slippery Road,1
C:\Users\Paula\.spyder-py3\MariaBaron-CS898BA-Project1\Report_CS898BA_Project1\Selected_Images_2\Slippery Road\Slippery_Road_173.png,Slippery Road,1
C:\Users\Paula\.spyder-py3\MariaBaron-CS898BA-Project1\Report_CS898BA_Project1\Selected_Images_2\Wild animals Crossing\Wild_animals_Crossing_158.png,Wild animals Crossing,4
C:\Users\Paula\.spyder-py3\MariaBaron-CS898BA-Project1\Report_CS898BA_Project1\Selected_Images_2\Slippery Road\Slippery_Road_086.png,Slippery Road,1
C:\Users\Paula\.spyder-py3\MariaBaron-CS898BA-Project1\Report_CS898BA_Project1\Selected_Images_2\Stop\Stop_108.png,Stop,3
C:\Users\Paula\.spyder-py3\MariaBaron-CS898BA-Project1\Report_CS898BA_Project1\Selected_Images_2\Slippery Road\Slippery_Road_010.png,Slippery Road,1
C:\Users\Paula\.spyder-py3\MariaBaron-CS898BA-Project1\Report_CS898BA_Project1\Selected_Images_2\Wild animals Crossing\Wild_animals_Crossing_227.png,Wild animals Crossing,4
C:\Users\Paula\.spyder-py3\MariaBaron-CS898BA-Project1\Report_CS898BA_Project1\Selected_Images_2\Wild animals Crossing\Wild_animals_Crossing_180.png,Wild animals Crossing,4
C:\Users\Paula\.spyder-py3\MariaBaron-CS898BA-Project1\Report_CS898BA_Project1\Selected_Images_2\Slippery Road\Slippery_Road_194.png,Slippery Road,1
C:\Users\Paula\.spyder-py3\MariaBaron-CS898BA-Project1\Report_CS898BA_Project1\Selected_Images_2\Slippery Road\Slippery_Road_095.png,Slippery Road,1
C:\Users\Paula\.spyder-py3\MariaBaron-CS898BA-Project1\Report_CS898BA_Project1\Selected_Images_2\Stop\Stop_171.png,Stop,3
C:\Users\Paula\.spyder-py3\MariaBaron-CS898BA-Project1\Report_CS898BA_Project1\Selected_Images_2\Slippery Road\Slippery_Road_192.png,Slippery Road,1
C:\Users\Paula\.spyder-py3\MariaBaron-CS898BA-Project1\Report_CS898BA_Project1\Selected_Images_2\Stop\Stop_231.png,Stop,3
C:\Users\Paula\.spyder-py3\MariaBaron-CS898BA-Project1\Report_CS898BA_Project1\Selected_Images_2\Wild animals Crossing\Wild_animals_Crossing_239.png,Wild animals Crossing,4
C:\Users\Paula\.spyder-py3\MariaBaron-CS898BA-Project1\Report_CS898BA_Project1\Selected_Images_2\Slippery Road\Slippery_Road_019.png,Slippery Road,1
C:\Users\Paula\.spyder-py3\MariaBaron-CS898BA-Project1\Report_CS898BA_Project1\Selected_Images_2\Speed Limit (60)\Speed_Limit_60_058.png,Speed Limit (60),2
C:\Users\Paula\.spyder-py3\MariaBaron-CS898BA-Project1\Report_CS898BA_Project1\Selected_Images_2\Slippery Road\Slippery_Road_097.png,Slippery Road,1
C:\Users\Paula\.spyder-py3\MariaBaron-CS898BA-Project1\Report_CS898BA_Project1\Selected_Images_2\Wild animals Crossing\Wild_animals_Crossing_210.png,Wild animals Crossing,4
C:\Users\Paula\.spyder-py3\MariaBaron-CS898BA-Project1\Report_CS898BA_Project1\Selected_Images_2\Speed Limit (60)\Speed_Limit_60_089.png,Speed Limit (60),2
C:\Users\Paula\.spyder-py3\MariaBaron-CS898BA-Project1\Report_CS898BA_Project1\Selected_Images_2\Wild animals Crossing\Wild_animals_Crossing_020.png,Wild animals Crossing,4
C:\Users\Paula\.spyder-py3\MariaBaron-CS898BA-Project1\Report_CS898BA_Project1\Selected_Images_2\Pedestrians\Pedestrians_220.png,Pedestrians,0
C:\Users\Paula\.spyder-py3\MariaBaron-CS898BA-Project1\Report_CS898BA_Project1\Selected_Images_2\Pedestrians\Pedestrians_057.png,Pedestrians,0
C:\Users\Paula\.spyder-py3\MariaBaron-CS898BA-Project1\Report_CS898BA_Project1\Selected_Images_2\Pedestrians\Pedestrians_054.png,Pedestrians,0
C:\Users\Paula\.spyder-py3\MariaBaron-CS898BA-Project1\Report_CS898BA_Project1\Selected_Images_2\Slippery Road\Slippery_Road_045.png,Slippery Road,1
C:\Users\Paula\.spyder-py3\MariaBaron-CS898BA-Project1\Report_CS898BA_Project1\Selected_Images_2\Wild animals Crossing\Wild_animals_Crossing_006.png,Wild animals Crossing,4
C:\Users\Paula\.spyder-py3\MariaBaron-CS898BA-Project1\Report_CS898BA_Project1\Selected_Images_2\Speed Limit (60)\Speed_Limit_60_226.png,Speed Limit (60),2
C:\Users\Paula\.spyder-py3\MariaBaron-CS898BA-Project1\Report_CS898BA_Project1\Selected_Images_2\Slippery Road\Slippery_Road_066.png,Slippery Road,1
C:\Users\Paula\.spyder-py3\MariaBaron-CS898BA-Project1\Report_CS898BA_Project1\Selected_Images_2\Speed Limit (60)\Speed_Limit_60_105.png,Speed Limit (60),2
C:\Users\Paula\.spyder-py3\MariaBaron-CS898BA-Project1\Report_CS898BA_Project1\Selected_Images_2\Wild animals Crossing\Wild_animals_Crossing_140.png,Wild animals Crossing,4
C:\Users\Paula\.spyder-py3\MariaBaron-CS898BA-Project1\Report_CS898BA_Project1\Selected_Images_2\Stop\Stop_211.png,Stop,3
C:\Users\Paula\.spyder-py3\MariaBaron-CS898BA-Project1\Report_CS898BA_Project1\Selected_Images_2\Slippery Road\Slippery_Road_069.png,Slippery Road,1
C:\Users\Paula\.spyder-py3\MariaBaron-CS898BA-Project1\Report_CS898BA_Project1\Selected_Images_2\Stop\Stop_218.png,Stop,3
C:\Users\Paula\.spyder-py3\MariaBaron-CS898BA-Project1\Report_CS898BA_Project1\Selected_Images_2\Slippery Road\Slippery_Road_213.png,Slippery Road,1
C:\Users\Paula\.spyder-py3\MariaBaron-CS898BA-Project1\Report_CS898BA_Project1\Selected_Images_2\Slippery Road\Slippery_Road_195.png,Slippery Road,1
C:\Users\Paula\.spyder-py3\MariaBaron-CS898BA-Project1\Report_CS898BA_Project1\Selected_Images_2\Wild animals Crossing\Wild_animals_Crossing_145.png,Wild animals Crossing,4
C:\Users\Paula\.spyder-py3\MariaBaron-CS898BA-Project1\Report_CS898BA_Project1\Selected_Images_2\Slippery Road\Slippery_Road_165.png,Slippery Road,1
C:\Users\Paula\.spyder-py3\MariaBaron-CS898BA-Project1\Report_CS898BA_Project1\Selected_Images_2\Stop\Stop_159.png,Stop,3
C:\Users\Paula\.spyder-py3\MariaBaron-CS898BA-Project1\Report_CS898BA_Project1\Selected_Images_2\Pedestrians\Pedestrians_063.png,Pedestrians,0
C:\Users\Paula\.spyder-py3\MariaBaron-CS898BA-Project1\Report_CS898BA_Project1\Selected_Images_2\Stop\Stop_018.png,Stop,3
C:\Users\Paula\.spyder-py3\MariaBaron-CS898BA-Project1\Report_CS898BA_Project1\Selected_Images_2\Speed Limit (60)\Speed_Limit_60_170.png,Speed Limit (60),2
C:\Users\Paula\.spyder-py3\MariaBaron-CS898BA-Project1\Report_CS898BA_Project1\Selected_Images_2\Wild animals Crossing\Wild_animals_Crossing_173.png,Wild animals Crossing,4
C:\Users\Paula\.spyder-py3\MariaBaron-CS898BA-Project1\Report_CS898BA_Project1\Selected_Images_2\Stop\Stop_136.png,Stop,3
C:\Users\Paula\.spyder-py3\MariaBaron-CS898BA-Project1\Report_CS898BA_Project1\Selected_Images_2\Pedestrians\Pedestrians_078.png,Pedestrians,0
C:\Users\Paula\.spyder-py3\MariaBaron-CS898BA-Project1\Report_CS898BA_Project1\Selected_Images_2\Wild animals Crossing\Wild_animals_Crossing_196.png,Wild animals Crossing,4
C:\Users\Paula\.spyder-py3\MariaBaron-CS898BA-Project1\Report_CS898BA_Project1\Selected_Images_2\Slippery Road\Slippery_Road_117.png,Slippery Road,1
C:\Users\Paula\.spyder-py3\MariaBaron-CS898BA-Project1\Report_CS898BA_Project1\Selected_Images_2\Stop\Stop_142.png,Stop,3
C:\Users\Paula\.spyder-py3\MariaBaron-CS898BA-Project1\Report_CS898BA_Project1\Selected_Images_2\Pedestrians\Pedestrians_096.png,Pedestrians,0
C:\Users\Paula\.spyder-py3\MariaBaron-CS898BA-Project1\Report_CS898BA_Project1\Selected_Images_2\Pedestrians\Pedestrians_106.png,Pedestrians,0
C:\Users\Paula\.spyder-py3\MariaBaron-CS898BA-Project1\Report_CS898BA_Project1\Selected_Images_2\Stop\Stop_104.png,Stop,3
C:\Users\Paula\.spyder-py3\MariaBaron-CS898BA-Project1\Report_CS898BA_Project1\Selected_Images_2\Pedestrians\Pedestrians_193.png,Pedestrians,0
C:\Users\Paula\.spyder-py3\MariaBaron-CS898BA-Project1\Report_CS898BA_Project1\Selected_Images_2\Wild animals Crossing\Wild_animals_Crossing_132.png,Wild animals Crossing,4
C:\Users\Paula\.spyder-py3\MariaBaron-CS898BA-Project1\Report_CS898BA_Project1\Selected_Images_2\Wild animals Crossing\Wild_animals_Crossing_212.png,Wild animals Crossing,4
C:\Users\Paula\.spyder-py3\MariaBaron-CS898BA-Project1\Report_CS898BA_Project1\Selected_Images_2\Speed Limit (60)\Speed_Limit_60_209.png,Speed Limit (60),2
C:\Users\Paula\.spyder-py3\MariaBaron-CS898BA-Project1\Report_CS898BA_Project1\Selected_Images_2\Stop\Stop_007.png,Stop,3
C:\Users\Paula\.spyder-py3\MariaBaron-CS898BA-Project1\Report_CS898BA_Project1\Selected_Images_2\Slippery Road\Slippery_Road_190.png,Slippery Road,1
C:\Users\Paula\.spyder-py3\MariaBaron-CS898BA-Project1\Report_CS898BA_Project1\Selected_Images_2\Speed Limit (60)\Speed_Limit_60_110.png,Speed Limit (60),2
C:\Users\Paula\.spyder-py3\MariaBaron-CS898BA-Project1\Report_CS898BA_Project1\Selected_Images_2\Wild animals Crossing\Wild_animals_Crossing_205.png,Wild animals Crossing,4
C:\Users\Paula\.spyder-py3\MariaBaron-CS898BA-Project1\Report_CS898BA_Project1\Selected_Images_2\Stop\Stop_134.png,Stop,3
C:\Users\Paula\.spyder-py3\MariaBaron-CS898BA-Project1\Report_CS898BA_Project1\Selected_Images_2\Stop\Stop_196.png,Stop,3
C:\Users\Paula\.spyder-py3\MariaBaron-CS898BA-Project1\Report_CS898BA_Project1\Selected_Images_2\Pedestrians\Pedestrians_030.png,Pedestrians,0
C:\Users\Paula\.spyder-py3\MariaBaron-CS898BA-Project1\Report_CS898BA_Project1\Selected_Images_2\Pedestrians\Pedestrians_085.png,Pedestrians,0
C:\Users\Paula\.spyder-py3\MariaBaron-CS898BA-Project1\Report_CS898BA_Project1\Selected_Images_2\Wild animals Crossing\Wild_animals_Crossing_201.png,Wild animals Crossing,4
C:\Users\Paula\.spyder-py3\MariaBaron-CS898BA-Project1\Report_CS898BA_Project1\Selected_Images_2\Speed Limit (60)\Speed_Limit_60_241.png,Speed Limit (60),2
C:\Users\Paula\.spyder-py3\MariaBaron-CS898BA-Project1\Report_CS898BA_Project1\Selected_Images_2\Slippery Road\Slippery_Road_077.png,Slippery Road,1
C:\Users\Paula\.spyder-py3\MariaBaron-CS898BA-Project1\Report_CS898BA_Project1\Selected_Images_2\Pedestrians\Pedestrians_080.png,Pedestrians,0
C:\Users\Paula\.spyder-py3\MariaBaron-CS898BA-Project1\Report_CS898BA_Project1\Selected_Images_2\Slippery Road\Slippery_Road_182.png,Slippery Road,1
C:\Users\Paula\.spyder-py3\MariaBaron-CS898BA-Project1\Report_CS898BA_Project1\Selected_Images_2\Slippery Road\Slippery_Road_089.png,Slippery Road,1
C:\Users\Paula\.spyder-py3\MariaBaron-CS898BA-Project1\Report_CS898BA_Project1\Selected_Images_2\Slippery Road\Slippery_Road_126.png,Slippery Road,1
C:\Users\Paula\.spyder-py3\MariaBaron-CS898BA-Project1\Report_CS898BA_Project1\Selected_Images_2\Slippery Road\Slippery_Road_225.png,Slippery Road,1
C:\Users\Paula\.spyder-py3\MariaBaron-CS898BA-Project1\Report_CS898BA_Project1\Selected_Images_2\Speed Limit (60)\Speed_Limit_60_097.png,Speed Limit (60),2
C:\Users\Paula\.spyder-py3\MariaBaron-CS898BA-Project1\Report_CS898BA_Project1\Selected_Images_2\Slippery Road\Slippery_Road_184.png,Slippery Road,1
C:\Users\Paula\.spyder-py3\MariaBaron-CS898BA-Project1\Report_CS898BA_Project1\Selected_Images_2\Slippery Road\Slippery_Road_214.png,Slippery Road,1
C:\Users\Paula\.spyder-py3\MariaBaron-CS898BA-Project1\Report_CS898BA_Project1\Selected_Images_2\Stop\Stop_139.png,Stop,3
C:\Users\Paula\.spyder-py3\MariaBaron-CS898BA-Project1\Report_CS898BA_Project1\Selected_Images_2\Pedestrians\Pedestrians_010.png,Pedestrians,0
C:\Users\Paula\.spyder-py3\MariaBaron-CS898BA-Project1\Report_CS898BA_Project1\Selected_Images_2\Pedestrians\Pedestrians_184.png,Pedestrians,0
C:\Users\Paula\.spyder-py3\MariaBaron-CS898BA-Project1\Report_CS898BA_Project1\Selected_Images_2\Pedestrians\Pedestrians_062.png,Pedestrians,0
C:\Users\Paula\.spyder-py3\MariaBaron-CS898BA-Project1\Report_CS898BA_Project1\Selected_Images_2\Stop\Stop_093.png,Stop,3
C:\Users\Paula\.spyder-py3\MariaBaron-CS898BA-Project1\Report_CS898BA_Project1\Selected_Images_2\Pedestrians\Pedestrians_009.png,Pedestrians,0
C:\Users\Paula\.spyder-py3\MariaBaron-CS898BA-Project1\Report_CS898BA_Project1\Selected_Images_2\Speed Limit (60)\Speed_Limit_60_122.png,Speed Limit (60),2
C:\Users\Paula\.spyder-py3\MariaBaron-CS898BA-Project1\Report_CS898BA_Project1\Selected_Images_2\Slippery Road\Slippery_Road_111.png,Slippery Road,1
C:\Users\Paula\.spyder-py3\MariaBaron-CS898BA-Project1\Report_CS898BA_Project1\Selected_Images_2\Slippery Road\Slippery_Road_123.png,Slippery Road,1
C:\Users\Paula\.spyder-py3\MariaBaron-CS898BA-Project1\Report_CS898BA_Project1\Selected_Images_2\Pedestrians\Pedestrians_156.png,Pedestrians,0
C:\Users\Paula\.spyder-py3\MariaBaron-CS898BA-Project1\Report_CS898BA_Project1\Selected_Images_2\Stop\Stop_226.png,Stop,3
C:\Users\Paula\.spyder-py3\MariaBaron-CS898BA-Project1\Report_CS898BA_Project1\Selected_Images_2\Pedestrians\Pedestrians_201.png,Pedestrians,0
C:\Users\Paula\.spyder-py3\MariaBaron-CS898BA-Project1\Report_CS898BA_Project1\Selected_Images_2\Stop\Stop_016.png,Stop,3
C:\Users\Paula\.spyder-py3\MariaBaron-CS898BA-Project1\Report_CS898BA_Project1\Selected_Images_2\Slippery Road\Slippery_Road_092.png,Slippery Road,1
C:\Users\Paula\.spyder-py3\MariaBaron-CS898BA-Project1\Report_CS898BA_Project1\Selected_Images_2\Wild animals Crossing\Wild_animals_Crossing_054.png,Wild animals Crossing,4
C:\Users\Paula\.spyder-py3\MariaBaron-CS898BA-Project1\Report_CS898BA_Project1\Selected_Images_2\Pedestrians\Pedestrians_127.png,Pedestrians,0
C:\Users\Paula\.spyder-py3\MariaBaron-CS898BA-Project1\Report_CS898BA_Project1\Selected_Images_2\Slippery Road\Slippery_Road_070.png,Slippery Road,1
C:\Users\Paula\.spyder-py3\MariaBaron-CS898BA-Project1\Report_CS898BA_Project1\Selected_Images_2\Speed Limit (60)\Speed_Limit_60_055.png,Speed Limit (60),2
C:\Users\Paula\.spyder-py3\MariaBaron-CS898BA-Project1\Report_CS898BA_Project1\Selected_Images_2\Stop\Stop_121.png,Stop,3
C:\Users\Paula\.spyder-py3\MariaBaron-CS898BA-Project1\Report_CS898BA_Project1\Selected_Images_2\Stop\Stop_242.png,Stop,3
C:\Users\Paula\.spyder-py3\MariaBaron-CS898BA-Project1\Report_CS898BA_Project1\Selected_Images_2\Speed Limit (60)\Speed_Limit_60_165.png,Speed Limit (60),2
C:\Users\Paula\.spyder-py3\MariaBaron-CS898BA-Project1\Report_CS898BA_Project1\Selected_Images_2\Speed Limit (60)\Speed_Limit_60_020.png,Speed Limit (60),2
C:\Users\Paula\.spyder-py3\MariaBaron-CS898BA-Project1\Report_CS898BA_Project1\Selected_Images_2\Pedestrians\Pedestrians_069.png,Pedestrians,0
C:\Users\Paula\.spyder-py3\MariaBaron-CS898BA-Project1\Report_CS898BA_Project1\Selected_Images_2\Slippery Road\Slippery_Road_084.png,Slippery Road,1
C:\Users\Paula\.spyder-py3\MariaBaron-CS898BA-Project1\Report_CS898BA_Project1\Selected_Images_2\Speed Limit (60)\Speed_Limit_60_195.png,Speed Limit (60),2
C:\Users\Paula\.spyder-py3\MariaBaron-CS898BA-Project1\Report_CS898BA_Project1\Selected_Images_2\Stop\Stop_030.png,Stop,3
C:\Users\Paula\.spyder-py3\MariaBaron-CS898BA-Project1\Report_CS898BA_Project1\Selected_Images_2\Slippery Road\Slippery_Road_004.png,Slippery Road,1
C:\Users\Paula\.spyder-py3\MariaBaron-CS898BA-Project1\Report_CS898BA_Project1\Selected_Images_2\Wild animals Crossing\Wild_animals_Crossing_250.png,Wild animals Crossing,4
C:\Users\Paula\.spyder-py3\MariaBaron-CS898BA-Project1\Report_CS898BA_Project1\Selected_Images_2\Slippery Road\Slippery_Road_248.png,Slippery Road,1
C:\Users\Paula\.spyder-py3\MariaBaron-CS898BA-Project1\Report_CS898BA_Project1\Selected_Images_2\Wild animals Crossing\Wild_animals_Crossing_249.png,Wild animals Crossing,4
C:\Users\Paula\.spyder-py3\MariaBaron-CS898BA-Project1\Report_CS898BA_Project1\Selected_Images_2\Pedestrians\Pedestrians_141.png,Pedestrians,0
C:\Users\Paula\.spyder-py3\MariaBaron-CS898BA-Project1\Report_CS898BA_Project1\Selected_Images_2\Wild animals Crossing\Wild_animals_Crossing_067.png,Wild animals Crossing,4
C:\Users\Paula\.spyder-py3\MariaBaron-CS898BA-Project1\Report_CS898BA_Project1\Selected_Images_2\Pedestrians\Pedestrians_229.png,Pedestrians,0
C:\Users\Paula\.spyder-py3\MariaBaron-CS898BA-Project1\Report_CS898BA_Project1\Selected_Images_2\Stop\Stop_124.png,Stop,3
C:\Users\Paula\.spyder-py3\MariaBaron-CS898BA-Project1\Report_CS898BA_Project1\Selected_Images_2\Wild animals Crossing\Wild_animals_Crossing_236.png,Wild animals Crossing,4
C:\Users\Paula\.spyder-py3\MariaBaron-CS898BA-Project1\Report_CS898BA_Project1\Selected_Images_2\Stop\Stop_049.png,Stop,3
C:\Users\Paula\.spyder-py3\MariaBaron-CS898BA-Project1\Report_CS898BA_Project1\Selected_Images_2\Pedestrians\Pedestrians_120.png,Pedestrians,0
C:\Users\Paula\.spyder-py3\MariaBaron-CS898BA-Project1\Report_CS898BA_Project1\Selected_Images_2\Wild animals Crossing\Wild_animals_Crossing_174.png,Wild animals Crossing,4
C:\Users\Paula\.spyder-py3\MariaBaron-CS898BA-Project1\Report_CS898BA_Project1\Selected_Images_2\Speed Limit (60)\Speed_Limit_60_231.png,Speed Limit (60),2
C:\Users\Paula\.spyder-py3\MariaBaron-CS898BA-Project1\Report_CS898BA_Project1\Selected_Images_2\Slippery Road\Slippery_Road_029.png,Slippery Road,1
C:\Users\Paula\.spyder-py3\MariaBaron-CS898BA-Project1\Report_CS898BA_Project1\Selected_Images_2\Pedestrians\Pedestrians_097.png,Pedestrians,0
C:\Users\Paula\.spyder-py3\MariaBaron-CS898BA-Project1\Report_CS898BA_Project1\Selected_Images_2\Slippery Road\Slippery_Road_235.png,Slippery Road,1
C:\Users\Paula\.spyder-py3\MariaBaron-CS898BA-Project1\Report_CS898BA_Project1\Selected_Images_2\Speed Limit (60)\Speed_Limit_60_028.png,Speed Limit (60),2
C:\Users\Paula\.spyder-py3\MariaBaron-CS898BA-Project1\Report_CS898BA_Project1\Selected_Images_2\Pedestrians\Pedestrians_232.png,Pedestrians,0
C:\Users\Paula\.spyder-py3\MariaBaron-CS898BA-Project1\Report_CS898BA_Project1\Selected_Images_2\Wild animals Crossing\Wild_animals_Crossing_047.png,Wild animals Crossing,4
C:\Users\Paula\.spyder-py3\MariaBaron-CS898BA-Project1\Report_CS898BA_Project1\Selected_Images_2\Wild animals Crossing\Wild_animals_Crossing_135.png,Wild animals Crossing,4
C:\Users\Paula\.spyder-py3\MariaBaron-CS898BA-Project1\Report_CS898BA_Project1\Selected_Images_2\Wild animals Crossing\Wild_animals_Crossing_131.png,Wild animals Crossing,4
C:\Users\Paula\.spyder-py3\MariaBaron-CS898BA-Project1\Report_CS898BA_Project1\Selected_Images_2\Wild animals Crossing\Wild_animals_Crossing_036.png,Wild animals Crossing,4
C:\Users\Paula\.spyder-py3\MariaBaron-CS898BA-Project1\Report_CS898BA_Project1\Selected_Images_2\Stop\Stop_008.png,Stop,3
C:\Users\Paula\.spyder-py3\MariaBaron-CS898BA-Project1\Report_CS898BA_Project1\Selected_Images_2\Stop\Stop_068.png,Stop,3
C:\Users\Paula\.spyder-py3\MariaBaron-CS898BA-Project1\Report_CS898BA_Project1\Selected_Images_2\Pedestrians\Pedestrians_194.png,Pedestrians,0
C:\Users\Paula\.spyder-py3\MariaBaron-CS898BA-Project1\Report_CS898BA_Project1\Selected_Images_2\Slippery Road\Slippery_Road_003.png,Slippery Road,1
C:\Users\Paula\.spyder-py3\MariaBaron-CS898BA-Project1\Report_CS898BA_Project1\Selected_Images_2\Wild animals Crossing\Wild_animals_Crossing_165.png,Wild animals Crossing,4
C:\Users\Paula\.spyder-py3\MariaBaron-CS898BA-Project1\Report_CS898BA_Project1\Selected_Images_2\Pedestrians\Pedestrians_164.png,Pedestrians,0
C:\Users\Paula\.spyder-py3\MariaBaron-CS898BA-Project1\Report_CS898BA_Project1\Selected_Images_2\Pedestrians\Pedestrians_224.png,Pedestrians,0
C:\Users\Paula\.spyder-py3\MariaBaron-CS898BA-Project1\Report_CS898BA_Project1\Selected_Images_2\Wild animals Crossing\Wild_animals_Crossing_109.png,Wild animals Crossing,4
C:\Users\Paula\.spyder-py3\MariaBaron-CS898BA-Project1\Report_CS898BA_Project1\Selected_Images_2\Stop\Stop_047.png,Stop,3
C:\Users\Paula\.spyder-py3\MariaBaron-CS898BA-Project1\Report_CS898BA_Project1\Selected_Images_2\Wild animals Crossing\Wild_animals_Crossing_055.png,Wild animals Crossing,4
C:\Users\Paula\.spyder-py3\MariaBaron-CS898BA-Project1\Report_CS898BA_Project1\Selected_Images_2\Wild animals Crossing\Wild_animals_Crossing_233.png,Wild animals Crossing,4
C:\Users\Paula\.spyder-py3\MariaBaron-CS898BA-Project1\Report_CS898BA_Project1\Selected_Images_2\Slippery Road\Slippery_Road_198.png,Slippery Road,1
C:\Users\Paula\.spyder-py3\MariaBaron-CS898BA-Project1\Report_CS898BA_Project1\Selected_Images_2\Pedestrians\Pedestrians_195.png,Pedestrians,0
C:\Users\Paula\.spyder-py3\MariaBaron-CS898BA-Project1\Report_CS898BA_Project1\Selected_Images_2\Speed Limit (60)\Speed_Limit_60_026.png,Speed Limit (60),2
C:\Users\Paula\.spyder-py3\MariaBaron-CS898BA-Project1\Report_CS898BA_Project1\Selected_Images_2\Speed Limit (60)\Speed_Limit_60_210.png,Speed Limit (60),2
C:\Users\Paula\.spyder-py3\MariaBaron-CS898BA-Project1\Report_CS898BA_Project1\Selected_Images_2\Wild animals Crossing\Wild_animals_Crossing_229.png,Wild animals Crossing,4
C:\Users\Paula\.spyder-py3\MariaBaron-CS898BA-Project1\Report_CS898BA_Project1\Selected_Images_2\Pedestrians\Pedestrians_178.png,Pedestrians,0
C:\Users\Paula\.spyder-py3\MariaBaron-CS898BA-Project1\Report_CS898BA_Project1\Selected_Images_2\Wild animals Crossing\Wild_animals_Crossing_198.png,Wild animals Crossing,4
C:\Users\Paula\.spyder-py3\MariaBaron-CS898BA-Project1\Report_CS898BA_Project1\Selected_Images_2\Wild animals Crossing\Wild_animals_Crossing_102.png,Wild animals Crossing,4
C:\Users\Paula\.spyder-py3\MariaBaron-CS898BA-Project1\Report_CS898BA_Project1\Selected_Images_2\Slippery Road\Slippery_Road_080.png,Slippery Road,1
C:\Users\Paula\.spyder-py3\MariaBaron-CS898BA-Project1\Report_CS898BA_Project1\Selected_Images_2\Stop\Stop_101.png,Stop,3
C:\Users\Paula\.spyder-py3\MariaBaron-CS898BA-Project1\Report_CS898BA_Project1\Selected_Images_2\Stop\Stop_079.png,Stop,3
C:\Users\Paula\.spyder-py3\MariaBaron-CS898BA-Project1\Report_CS898BA_Project1\Selected_Images_2\Pedestrians\Pedestrians_135.png,Pedestrians,0
C:\Users\Paula\.spyder-py3\MariaBaron-CS898BA-Project1\Report_CS898BA_Project1\Selected_Images_2\Speed Limit (60)\Speed_Limit_60_045.png,Speed Limit (60),2
C:\Users\Paula\.spyder-py3\MariaBaron-CS898BA-Project1\Report_CS898BA_Project1\Selected_Images_2\Slippery Road\Slippery_Road_177.png,Slippery Road,1
C:\Users\Paula\.spyder-py3\MariaBaron-CS898BA-Project1\Report_CS898BA_Project1\Selected_Images_2\Stop\Stop_217.png,Stop,3
C:\Users\Paula\.spyder-py3\MariaBaron-CS898BA-Project1\Report_CS898BA_Project1\Selected_Images_2\Pedestrians\Pedestrians_045.png,Pedestrians,0
C:\Users\Paula\.spyder-py3\MariaBaron-CS898BA-Project1\Report_CS898BA_Project1\Selected_Images_2\Slippery Road\Slippery_Road_107.png,Slippery Road,1
C:\Users\Paula\.spyder-py3\MariaBaron-CS898BA-Project1\Report_CS898BA_Project1\Selected_Images_2\Slippery Road\Slippery_Road_187.png,Slippery Road,1
C:\Users\Paula\.spyder-py3\MariaBaron-CS898BA-Project1\Report_CS898BA_Project1\Selected_Images_2\Pedestrians\Pedestrians_068.png,Pedestrians,0
C:\Users\Paula\.spyder-py3\MariaBaron-CS898BA-Project1\Report_CS898BA_Project1\Selected_Images_2\Pedestrians\Pedestrians_145.png,Pedestrians,0
C:\Users\Paula\.spyder-py3\MariaBaron-CS898BA-Project1\Report_CS898BA_Project1\Selected_Images_2\Stop\Stop_175.png,Stop,3
C:\Users\Paula\.spyder-py3\MariaBaron-CS898BA-Project1\Report_CS898BA_Project1\Selected_Images_2\Slippery Road\Slippery_Road_245.png,Slippery Road,1
C:\Users\Paula\.spyder-py3\MariaBaron-CS898BA-Project1\Report_CS898BA_Project1\Selected_Images_2\Slippery Road\Slippery_Road_132.png,Slippery Road,1
C:\Users\Paula\.spyder-py3\MariaBaron-CS898BA-Project1\Report_CS898BA_Project1\Selected_Images_2\Wild animals Crossing\Wild_animals_Crossing_043.png,Wild animals Crossing,4
C:\Users\Paula\.spyder-py3\MariaBaron-CS898BA-Project1\Report_CS898BA_Project1\Selected_Images_2\Pedestrians\Pedestrians_043.png,Pedestrians,0
C:\Users\Paula\.spyder-py3\MariaBaron-CS898BA-Project1\Report_CS898BA_Project1\Selected_Images_2\Pedestrians\Pedestrians_056.png,Pedestrians,0
C:\Users\Paula\.spyder-py3\MariaBaron-CS898BA-Project1\Report_CS898BA_Project1\Selected_Images_2\Speed Limit (60)\Speed_Limit_60_040.png,Speed Limit (60),2
C:\Users\Paula\.spyder-py3\MariaBaron-CS898BA-Project1\Report_CS898BA_Project1\Selected_Images_2\Pedestrians\Pedestrians_034.png,Pedestrians,0
C:\Users\Paula\.spyder-py3\MariaBaron-CS898BA-Project1\Report_CS898BA_Project1\Selected_Images_2\Slippery Road\Slippery_Road_223.png,Slippery Road,1
C:\Users\Paula\.spyder-py3\MariaBaron-CS898BA-Project1\Report_CS898BA_Project1\Selected_Images_2\Stop\Stop_120.png,Stop,3
C:\Users\Paula\.spyder-py3\MariaBaron-CS898BA-Project1\Report_CS898BA_Project1\Selected_Images_2\Speed Limit (60)\Speed_Limit_60_192.png,Speed Limit (60),2
C:\Users\Paula\.spyder-py3\MariaBaron-CS898BA-Project1\Report_CS898BA_Project1\Selected_Images_2\Speed Limit (60)\Speed_Limit_60_025.png,Speed Limit (60),2
C:\Users\Paula\.spyder-py3\MariaBaron-CS898BA-Project1\Report_CS898BA_Project1\Selected_Images_2\Stop\Stop_033.png,Stop,3
C:\Users\Paula\.spyder-py3\MariaBaron-CS898BA-Project1\Report_CS898BA_Project1\Selected_Images_2\Pedestrians\Pedestrians_238.png,Pedestrians,0
C:\Users\Paula\.spyder-py3\MariaBaron-CS898BA-Project1\Report_CS898BA_Project1\Selected_Images_2\Wild animals Crossing\Wild_animals_Crossing_059.png,Wild animals Crossing,4
C:\Users\Paula\.spyder-py3\MariaBaron-CS898BA-Project1\Report_CS898BA_Project1\Selected_Images_2\Speed Limit (60)\Speed_Limit_60_037.png,Speed Limit (60),2
C:\Users\Paula\.spyder-py3\MariaBaron-CS898BA-Project1\Report_CS898BA_Project1\Selected_Images_2\Slippery Road\Slippery_Road_057.png,Slippery Road,1
C:\Users\Paula\.spyder-py3\MariaBaron-CS898BA-Project1\Report_CS898BA_Project1\Selected_Images_2\Wild animals Crossing\Wild_animals_Crossing_190.png,Wild animals Crossing,4
C:\Users\Paula\.spyder-py3\MariaBaron-CS898BA-Project1\Report_CS898BA_Project1\Selected_Images_2\Speed Limit (60)\Speed_Limit_60_021.png,Speed Limit (60),2
C:\Users\Paula\.spyder-py3\MariaBaron-CS898BA-Project1\Report_CS898BA_Project1\Selected_Images_2\Stop\Stop_172.png,Stop,3
C:\Users\Paula\.spyder-py3\MariaBaron-CS898BA-Project1\Report_CS898BA_Project1\Selected_Images_2\Speed Limit (60)\Speed_Limit_60_193.png,Speed Limit (60),2
C:\Users\Paula\.spyder-py3\MariaBaron-CS898BA-Project1\Report_CS898BA_Project1\Selected_Images_2\Stop\Stop_009.png,Stop,3
C:\Users\Paula\.spyder-py3\MariaBaron-CS898BA-Project1\Report_CS898BA_Project1\Selected_Images_2\Stop\Stop_157.png,Stop,3
C:\Users\Paula\.spyder-py3\MariaBaron-CS898BA-Project1\Report_CS898BA_Project1\Selected_Images_2\Speed Limit (60)\Speed_Limit_60_139.png,Speed Limit (60),2
C:\Users\Paula\.spyder-py3\MariaBaron-CS898BA-Project1\Report_CS898BA_Project1\Selected_Images_2\Slippery Road\Slippery_Road_100.png,Slippery Road,1
C:\Users\Paula\.spyder-py3\MariaBaron-CS898BA-Project1\Report_CS898BA_Project1\Selected_Images_2\Speed Limit (60)\Speed_Limit_60_131.png,Speed Limit (60),2
C:\Users\Paula\.spyder-py3\MariaBaron-CS898BA-Project1\Report_CS898BA_Project1\Selected_Images_2\Pedestrians\Pedestrians_132.png,Pedestrians,0
C:\Users\Paula\.spyder-py3\MariaBaron-CS898BA-Project1\Report_CS898BA_Project1\Selected_Images_2\Pedestrians\Pedestrians_083.png,Pedestrians,0
C:\Users\Paula\.spyder-py3\MariaBaron-CS898BA-Project1\Report_CS898BA_Project1\Selected_Images_2\Stop\Stop_058.png,Stop,3
C:\Users\Paula\.spyder-py3\MariaBaron-CS898BA-Project1\Report_CS898BA_Project1\Selected_Images_2\Slippery Road\Slippery_Road_088.png,Slippery Road,1
C:\Users\Paula\.spyder-py3\MariaBaron-CS898BA-Project1\Report_CS898BA_Project1\Selected_Images_2\Pedestrians\Pedestrians_191.png,Pedestrians,0
C:\Users\Paula\.spyder-py3\MariaBaron-CS898BA-Project1\Report_CS898BA_Project1\Selected_Images_2\Slippery Road\Slippery_Road_149.png,Slippery Road,1
C:\Users\Paula\.spyder-py3\MariaBaron-CS898BA-Project1\Report_CS898BA_Project1\Selected_Images_2\Slippery Road\Slippery_Road_105.png,Slippery Road,1
C:\Users\Paula\.spyder-py3\MariaBaron-CS898BA-Project1\Report_CS898BA_Project1\Selected_Images_2\Slippery Road\Slippery_Road_028.png,Slippery Road,1
C:\Users\Paula\.spyder-py3\MariaBaron-CS898BA-Project1\Report_CS898BA_Project1\Selected_Images_2\Stop\Stop_249.png,Stop,3
C:\Users\Paula\.spyder-py3\MariaBaron-CS898BA-Project1\Report_CS898BA_Project1\Selected_Images_2\Slippery Road\Slippery_Road_036.png,Slippery Road,1
C:\Users\Paula\.spyder-py3\MariaBaron-CS898BA-Project1\Report_CS898BA_Project1\Selected_Images_2\Pedestrians\Pedestrians_071.png,Pedestrians,0
C:\Users\Paula\.spyder-py3\MariaBaron-CS898BA-Project1\Report_CS898BA_Project1\Selected_Images_2\Wild animals Crossing\Wild_animals_Crossing_091.png,Wild animals Crossing,4
C:\Users\Paula\.spyder-py3\MariaBaron-CS898BA-Project1\Report_CS898BA_Project1\Selected_Images_2\Wild animals Crossing\Wild_animals_Crossing_220.png,Wild animals Crossing,4
C:\Users\Paula\.spyder-py3\MariaBaron-CS898BA-Project1\Report_CS898BA_Project1\Selected_Images_2\Stop\Stop_198.png,Stop,3
C:\Users\Paula\.spyder-py3\MariaBaron-CS898BA-Project1\Report_CS898BA_Project1\Selected_Images_2\Speed Limit (60)\Speed_Limit_60_078.png,Speed Limit (60),2
C:\Users\Paula\.spyder-py3\MariaBaron-CS898BA-Project1\Report_CS898BA_Project1\Selected_Images_2\Speed Limit (60)\Speed_Limit_60_212.png,Speed Limit (60),2
C:\Users\Paula\.spyder-py3\MariaBaron-CS898BA-Project1\Report_CS898BA_Project1\Selected_Images_2\Stop\Stop_106.png,Stop,3
C:\Users\Paula\.spyder-py3\MariaBaron-CS898BA-Project1\Report_CS898BA_Project1\Selected_Images_2\Wild animals Crossing\Wild_animals_Crossing_246.png,Wild animals Crossing,4
C:\Users\Paula\.spyder-py3\MariaBaron-CS898BA-Project1\Report_CS898BA_Project1\Selected_Images_2\Speed Limit (60)\Speed_Limit_60_175.png,Speed Limit (60),2
C:\Users\Paula\.spyder-py3\MariaBaron-CS898BA-Project1\Report_CS898BA_Project1\Selected_Images_2\Pedestrians\Pedestrians_134.png,Pedestrians,0
C:\Users\Paula\.spyder-py3\MariaBaron-CS898BA-Project1\Report_CS898BA_Project1\Selected_Images_2\Wild animals Crossing\Wild_animals_Crossing_007.png,Wild animals Crossing,4
C:\Users\Paula\.spyder-py3\MariaBaron-CS898BA-Project1\Report_CS898BA_Project1\Selected_Images_2\Stop\Stop_192.png,Stop,3
C:\Users\Paula\.spyder-py3\MariaBaron-CS898BA-Project1\Report_CS898BA_Project1\Selected_Images_2\Slippery Road\Slippery_Road_072.png,Slippery Road,1
C:\Users\Paula\.spyder-py3\MariaBaron-CS898BA-Project1\Report_CS898BA_Project1\Selected_Images_2\Wild animals Crossing\Wild_animals_Crossing_023.png,Wild animals Crossing,4
C:\Users\Paula\.spyder-py3\MariaBaron-CS898BA-Project1\Report_CS898BA_Project1\Selected_Images_2\Pedestrians\Pedestrians_227.png,Pedestrians,0
C:\Users\Paula\.spyder-py3\MariaBaron-CS898BA-Project1\Report_CS898BA_Project1\Selected_Images_2\Speed Limit (60)\Speed_Limit_60_155.png,Speed Limit (60),2
C:\Users\Paula\.spyder-py3\MariaBaron-CS898BA-Project1\Report_CS898BA_Project1\Selected_Images_2\Speed Limit (60)\Speed_Limit_60_032.png,Speed Limit (60),2
C:\Users\Paula\.spyder-py3\MariaBaron-CS898BA-Project1\Report_CS898BA_Project1\Selected_Images_2\Slippery Road\Slippery_Road_076.png,Slippery Road,1
C:\Users\Paula\.spyder-py3\MariaBaron-CS898BA-Project1\Report_CS898BA_Project1\Selected_Images_2\Wild animals Crossing\Wild_animals_Crossing_184.png,Wild animals Crossing,4
C:\Users\Paula\.spyder-py3\MariaBaron-CS898BA-Project1\Report_CS898BA_Project1\Selected_Images_2\Speed Limit (60)\Speed_Limit_60_075.png,Speed Limit (60),2
C:\Users\Paula\.spyder-py3\MariaBaron-CS898BA-Project1\Report_CS898BA_Project1\Selected_Images_2\Speed Limit (60)\Speed_Limit_60_197.png,Speed Limit (60),2
C:\Users\Paula\.spyder-py3\MariaBaron-CS898BA-Project1\Report_CS898BA_Project1\Selected_Images_2\Speed Limit (60)\Speed_Limit_60_077.png,Speed Limit (60),2
C:\Users\Paula\.spyder-py3\MariaBaron-CS898BA-Project1\Report_CS898BA_Project1\Selected_Images_2\Stop\Stop_037.png,Stop,3
C:\Users\Paula\.spyder-py3\MariaBaron-CS898BA-Project1\Report_CS898BA_Project1\Selected_Images_2\Pedestrians\Pedestrians_136.png,Pedestrians,0
C:\Users\Paula\.spyder-py3\MariaBaron-CS898BA-Project1\Report_CS898BA_Project1\Selected_Images_2\Slippery Road\Slippery_Road_215.png,Slippery Road,1
C:\Users\Paula\.spyder-py3\MariaBaron-CS898BA-Project1\Report_CS898BA_Project1\Selected_Images_2\Wild animals Crossing\Wild_animals_Crossing_237.png,Wild animals Crossing,4
C:\Users\Paula\.spyder-py3\MariaBaron-CS898BA-Project1\Report_CS898BA_Project1\Selected_Images_2\Wild animals Crossing\Wild_animals_Crossing_224.png,Wild animals Crossing,4
C:\Users\Paula\.spyder-py3\MariaBaron-CS898BA-Project1\Report_CS898BA_Project1\Selected_Images_2\Speed Limit (60)\Speed_Limit_60_073.png,Speed Limit (60),2
C:\Users\Paula\.spyder-py3\MariaBaron-CS898BA-Project1\Report_CS898BA_Project1\Selected_Images_2\Wild animals Crossing\Wild_animals_Crossing_222.png,Wild animals Crossing,4
C:\Users\Paula\.spyder-py3\MariaBaron-CS898BA-Project1\Report_CS898BA_Project1\Selected_Images_2\Speed Limit (60)\Speed_Limit_60_115.png,Speed Limit (60),2
C:\Users\Paula\.spyder-py3\MariaBaron-CS898BA-Project1\Report_CS898BA_Project1\Selected_Images_2\Speed Limit (60)\Speed_Limit_60_120.png,Speed Limit (60),2
C:\Users\Paula\.spyder-py3\MariaBaron-CS898BA-Project1\Report_CS898BA_Project1\Selected_Images_2\Wild animals Crossing\Wild_animals_Crossing_206.png,Wild animals Crossing,4
C:\Users\Paula\.spyder-py3\MariaBaron-CS898BA-Project1\Report_CS898BA_Project1\Selected_Images_2\Stop\Stop_116.png,Stop,3
C:\Users\Paula\.spyder-py3\MariaBaron-CS898BA-Project1\Report_CS898BA_Project1\Selected_Images_2\Pedestrians\Pedestrians_024.png,Pedestrians,0
C:\Users\Paula\.spyder-py3\MariaBaron-CS898BA-Project1\Report_CS898BA_Project1\Selected_Images_2\Pedestrians\Pedestrians_139.png,Pedestrians,0
C:\Users\Paula\.spyder-py3\MariaBaron-CS898BA-Project1\Report_CS898BA_Project1\Selected_Images_2\Speed Limit (60)\Speed_Limit_60_125.png,Speed Limit (60),2
C:\Users\Paula\.spyder-py3\MariaBaron-CS898BA-Project1\Report_CS898BA_Project1\Selected_Images_2\Wild animals Crossing\Wild_animals_Crossing_169.png,Wild animals Crossing,4
C:\Users\Paula\.spyder-py3\MariaBaron-CS898BA-Project1\Report_CS898BA_Project1\Selected_Images_2\Pedestrians\Pedestrians_041.png,Pedestrians,0
C:\Users\Paula\.spyder-py3\MariaBaron-CS898BA-Project1\Report_CS898BA_Project1\Selected_Images_2\Pedestrians\Pedestrians_007.png,Pedestrians,0
C:\Users\Paula\.spyder-py3\MariaBaron-CS898BA-Project1\Report_CS898BA_Project1\Selected_Images_2\Pedestrians\Pedestrians_016.png,Pedestrians,0
C:\Users\Paula\.spyder-py3\MariaBaron-CS898BA-Project1\Report_CS898BA_Project1\Selected_Images_2\Wild animals Crossing\Wild_animals_Crossing_150.png,Wild animals Crossing,4
C:\Users\Paula\.spyder-py3\MariaBaron-CS898BA-Project1\Report_CS898BA_Project1\Selected_Images_2\Speed Limit (60)\Speed_Limit_60_099.png,Speed Limit (60),2
C:\Users\Paula\.spyder-py3\MariaBaron-CS898BA-Project1\Report_CS898BA_Project1\Selected_Images_2\Stop\Stop_230.png,Stop,3
C:\Users\Paula\.spyder-py3\MariaBaron-CS898BA-Project1\Report_CS898BA_Project1\Selected_Images_2\Wild animals Crossing\Wild_animals_Crossing_025.png,Wild animals Crossing,4
C:\Users\Paula\.spyder-py3\MariaBaron-CS898BA-Project1\Report_CS898BA_Project1\Selected_Images_2\Wild animals Crossing\Wild_animals_Crossing_124.png,Wild animals Crossing,4
C:\Users\Paula\.spyder-py3\MariaBaron-CS898BA-Project1\Report_CS898BA_Project1\Selected_Images_2\Slippery Road\Slippery_Road_211.png,Slippery Road,1
C:\Users\Paula\.spyder-py3\MariaBaron-CS898BA-Project1\Report_CS898BA_Project1\Selected_Images_2\Wild animals Crossing\Wild_animals_Crossing_241.png,Wild animals Crossing,4
C:\Users\Paula\.spyder-py3\MariaBaron-CS898BA-Project1\Report_CS898BA_Project1\Selected_Images_2\Pedestrians\Pedestrians_092.png,Pedestrians,0
C:\Users\Paula\.spyder-py3\MariaBaron-CS898BA-Project1\Report_CS898BA_Project1\Selected_Images_2\Slippery Road\Slippery_Road_032.png,Slippery Road,1
C:\Users\Paula\.spyder-py3\MariaBaron-CS898BA-Project1\Report_CS898BA_Project1\Selected_Images_2\Speed Limit (60)\Speed_Limit_60_247.png,Speed Limit (60),2
C:\Users\Paula\.spyder-py3\MariaBaron-CS898BA-Project1\Report_CS898BA_Project1\Selected_Images_2\Speed Limit (60)\Speed_Limit_60_134.png,Speed Limit (60),2
C:\Users\Paula\.spyder-py3\MariaBaron-CS898BA-Project1\Report_CS898BA_Project1\Selected_Images_2\Speed Limit (60)\Speed_Limit_60_070.png,Speed Limit (60),2
C:\Users\Paula\.spyder-py3\MariaBaron-CS898BA-Project1\Report_CS898BA_Project1\Selected_Images_2\Speed Limit (60)\Speed_Limit_60_072.png,Speed Limit (60),2
C:\Users\Paula\.spyder-py3\MariaBaron-CS898BA-Project1\Report_CS898BA_Project1\Selected_Images_2\Wild animals Crossing\Wild_animals_Crossing_194.png,Wild animals Crossing,4
C:\Users\Paula\.spyder-py3\MariaBaron-CS898BA-Project1\Report_CS898BA_Project1\Selected_Images_2\Pedestrians\Pedestrians_159.png,Pedestrians,0
C:\Users\Paula\.spyder-py3\MariaBaron-CS898BA-Project1\Report_CS898BA_Project1\Selected_Images_2\Wild animals Crossing\Wild_animals_Crossing_026.png,Wild animals Crossing,4
C:\Users\Paula\.spyder-py3\MariaBaron-CS898BA-Project1\Report_CS898BA_Project1\Selected_Images_2\Wild animals Crossing\Wild_animals_Crossing_011.png,Wild animals Crossing,4
C:\Users\Paula\.spyder-py3\MariaBaron-CS898BA-Project1\Report_CS898BA_Project1\Selected_Images_2\Pedestrians\Pedestrians_138.png,Pedestrians,0
C:\Users\Paula\.spyder-py3\MariaBaron-CS898BA-Project1\Report_CS898BA_Project1\Selected_Images_2\Pedestrians\Pedestrians_154.png,Pedestrians,0
C:\Users\Paula\.spyder-py3\MariaBaron-CS898BA-Project1\Report_CS898BA_Project1\Selected_Images_2\Slippery Road\Slippery_Road_127.png,Slippery Road,1
C:\Users\Paula\.spyder-py3\MariaBaron-CS898BA-Project1\Report_CS898BA_Project1\Selected_Images_2\Slippery Road\Slippery_Road_085.png,Slippery Road,1
C:\Users\Paula\.spyder-py3\MariaBaron-CS898BA-Project1\Report_CS898BA_Project1\Selected_Images_2\Wild animals Crossing\Wild_animals_Crossing_247.png,Wild animals Crossing,4
C:\Users\Paula\.spyder-py3\MariaBaron-CS898BA-Project1\Report_CS898BA_Project1\Selected_Images_2\Pedestrians\Pedestrians_142.png,Pedestrians,0
C:\Users\Paula\.spyder-py3\MariaBaron-CS898BA-Project1\Report_CS898BA_Project1\Selected_Images_2\Wild animals Crossing\Wild_animals_Crossing_087.png,Wild animals Crossing,4
C:\Users\Paula\.spyder-py3\MariaBaron-CS898BA-Project1\Report_CS898BA_Project1\Selected_Images_2\Pedestrians\Pedestrians_032.png,Pedestrians,0
C:\Users\Paula\.spyder-py3\MariaBaron-CS898BA-Project1\Report_CS898BA_Project1\Selected_Images_2\Speed Limit (60)\Speed_Limit_60_102.png,Speed Limit (60),2
C:\Users\Paula\.spyder-py3\MariaBaron-CS898BA-Project1\Report_CS898BA_Project1\Selected_Images_2\Pedestrians\Pedestrians_020.png,Pedestrians,0
C:\Users\Paula\.spyder-py3\MariaBaron-CS898BA-Project1\Report_CS898BA_Project1\Selected_Images_2\Wild animals Crossing\Wild_animals_Crossing_113.png,Wild animals Crossing,4
C:\Users\Paula\.spyder-py3\MariaBaron-CS898BA-Project1\Report_CS898BA_Project1\Selected_Images_2\Slippery Road\Slippery_Road_207.png,Slippery Road,1
C:\Users\Paula\.spyder-py3\MariaBaron-CS898BA-Project1\Report_CS898BA_Project1\Selected_Images_2\Wild animals Crossing\Wild_animals_Crossing_207.png,Wild animals Crossing,4
C:\Users\Paula\.spyder-py3\MariaBaron-CS898BA-Project1\Report_CS898BA_Project1\Selected_Images_2\Wild animals Crossing\Wild_animals_Crossing_002.png,Wild animals Crossing,4
C:\Users\Paula\.spyder-py3\MariaBaron-CS898BA-Project1\Report_CS898BA_Project1\Selected_Images_2\Wild animals Crossing\Wild_animals_Crossing_217.png,Wild animals Crossing,4
C:\Users\Paula\.spyder-py3\MariaBaron-CS898BA-Project1\Report_CS898BA_Project1\Selected_Images_2\Slippery Road\Slippery_Road_231.png,Slippery Road,1
C:\Users\Paula\.spyder-py3\MariaBaron-CS898BA-Project1\Report_CS898BA_Project1\Selected_Images_2\Slippery Road\Slippery_Road_136.png,Slippery Road,1
C:\Users\Paula\.spyder-py3\MariaBaron-CS898BA-Project1\Report_CS898BA_Project1\Selected_Images_2\Slippery Road\Slippery_Road_216.png,Slippery Road,1
C:\Users\Paula\.spyder-py3\MariaBaron-CS898BA-Project1\Report_CS898BA_Project1\Selected_Images_2\Pedestrians\Pedestrians_172.png,Pedestrians,0
C:\Users\Paula\.spyder-py3\MariaBaron-CS898BA-Project1\Report_CS898BA_Project1\Selected_Images_2\Wild animals Crossing\Wild_animals_Crossing_197.png,Wild animals Crossing,4
C:\Users\Paula\.spyder-py3\MariaBaron-CS898BA-Project1\Report_CS898BA_Project1\Selected_Images_2\Stop\Stop_076.png,Stop,3
C:\Users\Paula\.spyder-py3\MariaBaron-CS898BA-Project1\Report_CS898BA_Project1\Selected_Images_2\Stop\Stop_074.png,Stop,3
C:\Users\Paula\.spyder-py3\MariaBaron-CS898BA-Project1\Report_CS898BA_Project1\Selected_Images_2\Wild animals Crossing\Wild_animals_Crossing_230.png,Wild animals Crossing,4
C:\Users\Paula\.spyder-py3\MariaBaron-CS898BA-Project1\Report_CS898BA_Project1\Selected_Images_2\Slippery Road\Slippery_Road_204.png,Slippery Road,1
C:\Users\Paula\.spyder-py3\MariaBaron-CS898BA-Project1\Report_CS898BA_Project1\Selected_Images_2\Slippery Road\Slippery_Road_096.png,Slippery Road,1
C:\Users\Paula\.spyder-py3\MariaBaron-CS898BA-Project1\Report_CS898BA_Project1\Selected_Images_2\Wild animals Crossing\Wild_animals_Crossing_175.png,Wild animals Crossing,4
C:\Users\Paula\.spyder-py3\MariaBaron-CS898BA-Project1\Report_CS898BA_Project1\Selected_Images_2\Speed Limit (60)\Speed_Limit_60_038.png,Speed Limit (60),2
C:\Users\Paula\.spyder-py3\MariaBaron-CS898BA-Project1\Report_CS898BA_Project1\Selected_Images_2\Pedestrians\Pedestrians_208.png,Pedestrians,0
C:\Users\Paula\.spyder-py3\MariaBaron-CS898BA-Project1\Report_CS898BA_Project1\Selected_Images_2\Speed Limit (60)\Speed_Limit_60_233.png,Speed Limit (60),2
C:\Users\Paula\.spyder-py3\MariaBaron-CS898BA-Project1\Report_CS898BA_Project1\Selected_Images_2\Stop\Stop_138.png,Stop,3
C:\Users\Paula\.spyder-py3\MariaBaron-CS898BA-Project1\Report_CS898BA_Project1\Selected_Images_2\Slippery Road\Slippery_Road_239.png,Slippery Road,1
C:\Users\Paula\.spyder-py3\MariaBaron-CS898BA-Project1\Report_CS898BA_Project1\Selected_Images_2\Speed Limit (60)\Speed_Limit_60_071.png,Speed Limit (60),2
C:\Users\Paula\.spyder-py3\MariaBaron-CS898BA-Project1\Report_CS898BA_Project1\Selected_Images_2\Slippery Road\Slippery_Road_175.png,Slippery Road,1
C:\Users\Paula\.spyder-py3\MariaBaron-CS898BA-Project1\Report_CS898BA_Project1\Selected_Images_2\Stop\Stop_002.png,Stop,3
C:\Users\Paula\.spyder-py3\MariaBaron-CS898BA-Project1\Report_CS898BA_Project1\Selected_Images_2\Slippery Road\Slippery_Road_062.png,Slippery Road,1
C:\Users\Paula\.spyder-py3\MariaBaron-CS898BA-Project1\Report_CS898BA_Project1\Selected_Images_2\Wild animals Crossing\Wild_animals_Crossing_033.png,Wild animals Crossing,4
C:\Users\Paula\.spyder-py3\MariaBaron-CS898BA-Project1\Report_CS898BA_Project1\Selected_Images_2\Wild animals Crossing\Wild_animals_Crossing_147.png,Wild animals Crossing,4
C:\Users\Paula\.spyder-py3\MariaBaron-CS898BA-Project1\Report_CS898BA_Project1\Selected_Images_2\Pedestrians\Pedestrians_046.png,Pedestrians,0
C:\Users\Paula\.spyder-py3\MariaBaron-CS898BA-Project1\Report_CS898BA_Project1\Selected_Images_2\Stop\Stop_100.png,Stop,3
C:\Users\Paula\.spyder-py3\MariaBaron-CS898BA-Project1\Report_CS898BA_Project1\Selected_Images_2\Stop\Stop_062.png,Stop,3
C:\Users\Paula\.spyder-py3\MariaBaron-CS898BA-Project1\Report_CS898BA_Project1\Selected_Images_2\Stop\Stop_060.png,Stop,3
C:\Users\Paula\.spyder-py3\MariaBaron-CS898BA-Project1\Report_CS898BA_Project1\Selected_Images_2\Slippery Road\Slippery_Road_179.png,Slippery Road,1
C:\Users\Paula\.spyder-py3\MariaBaron-CS898BA-Project1\Report_CS898BA_Project1\Selected_Images_2\Speed Limit (60)\Speed_Limit_60_129.png,Speed Limit (60),2
C:\Users\Paula\.spyder-py3\MariaBaron-CS898BA-Project1\Report_CS898BA_Project1\Selected_Images_2\Stop\Stop_063.png,Stop,3
C:\Users\Paula\.spyder-py3\MariaBaron-CS898BA-Project1\Report_CS898BA_Project1\Selected_Images_2\Wild animals Crossing\Wild_animals_Crossing_039.png,Wild animals Crossing,4
C:\Users\Paula\.spyder-py3\MariaBaron-CS898BA-Project1\Report_CS898BA_Project1\Selected_Images_2\Slippery Road\Slippery_Road_044.png,Slippery Road,1
C:\Users\Paula\.spyder-py3\MariaBaron-CS898BA-Project1\Report_CS898BA_Project1\Selected_Images_2\Pedestrians\Pedestrians_003.png,Pedestrians,0
C:\Users\Paula\.spyder-py3\MariaBaron-CS898BA-Project1\Report_CS898BA_Project1\Selected_Images_2\Pedestrians\Pedestrians_039.png,Pedestrians,0
C:\Users\Paula\.spyder-py3\MariaBaron-CS898BA-Project1\Report_CS898BA_Project1\Selected_Images_2\Wild animals Crossing\Wild_animals_Crossing_027.png,Wild animals Crossing,4
C:\Users\Paula\.spyder-py3\MariaBaron-CS898BA-Project1\Report_CS898BA_Project1\Selected_Images_2\Stop\Stop_071.png,Stop,3
C:\Users\Paula\.spyder-py3\MariaBaron-CS898BA-Project1\Report_CS898BA_Project1\Selected_Images_2\Slippery Road\Slippery_Road_053.png,Slippery Road,1
C:\Users\Paula\.spyder-py3\MariaBaron-CS898BA-Project1\Report_CS898BA_Project1\Selected_Images_2\Slippery Road\Slippery_Road_230.png,Slippery Road,1
C:\Users\Paula\.spyder-py3\MariaBaron-CS898BA-Project1\Report_CS898BA_Project1\Selected_Images_2\Wild animals Crossing\Wild_animals_Crossing_112.png,Wild animals Crossing,4
C:\Users\Paula\.spyder-py3\MariaBaron-CS898BA-Project1\Report_CS898BA_Project1\Selected_Images_2\Pedestrians\Pedestrians_031.png,Pedestrians,0
C:\Users\Paula\.spyder-py3\MariaBaron-CS898BA-Project1\Report_CS898BA_Project1\Selected_Images_2\Stop\Stop_087.png,Stop,3
C:\Users\Paula\.spyder-py3\MariaBaron-CS898BA-Project1\Report_CS898BA_Project1\Selected_Images_2\Pedestrians\Pedestrians_133.png,Pedestrians,0
C:\Users\Paula\.spyder-py3\MariaBaron-CS898BA-Project1\Report_CS898BA_Project1\Selected_Images_2\Speed Limit (60)\Speed_Limit_60_188.png,Speed Limit (60),2
C:\Users\Paula\.spyder-py3\MariaBaron-CS898BA-Project1\Report_CS898BA_Project1\Selected_Images_2\Wild animals Crossing\Wild_animals_Crossing_177.png,Wild animals Crossing,4
C:\Users\Paula\.spyder-py3\MariaBaron-CS898BA-Project1\Report_CS898BA_Project1\Selected_Images_2\Wild animals Crossing\Wild_animals_Crossing_029.png,Wild animals Crossing,4
C:\Users\Paula\.spyder-py3\MariaBaron-CS898BA-Project1\Report_CS898BA_Project1\Selected_Images_2\Stop\Stop_028.png,Stop,3
C:\Users\Paula\.spyder-py3\MariaBaron-CS898BA-Project1\Report_CS898BA_Project1\Selected_Images_2\Wild animals Crossing\Wild_animals_Crossing_149.png,Wild animals Crossing,4
C:\Users\Paula\.spyder-py3\MariaBaron-CS898BA-Project1\Report_CS898BA_Project1\Selected_Images_2\Speed Limit (60)\Speed_Limit_60_144.png,Speed Limit (60),2
C:\Users\Paula\.spyder-py3\MariaBaron-CS898BA-Project1\Report_CS898BA_Project1\Selected_Images_2\Wild animals Crossing\Wild_animals_Crossing_079.png,Wild animals Crossing,4
C:\Users\Paula\.spyder-py3\MariaBaron-CS898BA-Project1\Report_CS898BA_Project1\Selected_Images_2\Speed Limit (60)\Speed_Limit_60_174.png,Speed Limit (60),2
C:\Users\Paula\.spyder-py3\MariaBaron-CS898BA-Project1\Report_CS898BA_Project1\Selected_Images_2\Pedestrians\Pedestrians_017.png,Pedestrians,0
C:\Users\Paula\.spyder-py3\MariaBaron-CS898BA-Project1\Report_CS898BA_Project1\Selected_Images_2\Pedestrians\Pedestrians_113.png,Pedestrians,0
C:\Users\Paula\.spyder-py3\MariaBaron-CS898BA-Project1\Report_CS898BA_Project1\Selected_Images_2\Wild animals Crossing\Wild_animals_Crossing_213.png,Wild animals Crossing,4
C:\Users\Paula\.spyder-py3\MariaBaron-CS898BA-Project1\Report_CS898BA_Project1\Selected_Images_2\Pedestrians\Pedestrians_005.png,Pedestrians,0
C:\Users\Paula\.spyder-py3\MariaBaron-CS898BA-Project1\Report_CS898BA_Project1\Selected_Images_2\Stop\Stop_146.png,Stop,3
C:\Users\Paula\.spyder-py3\MariaBaron-CS898BA-Project1\Report_CS898BA_Project1\Selected_Images_2\Speed Limit (60)\Speed_Limit_60_181.png,Speed Limit (60),2
C:\Users\Paula\.spyder-py3\MariaBaron-CS898BA-Project1\Report_CS898BA_Project1\Selected_Images_2\Pedestrians\Pedestrians_163.png,Pedestrians,0
C:\Users\Paula\.spyder-py3\MariaBaron-CS898BA-Project1\Report_CS898BA_Project1\Selected_Images_2\Speed Limit (60)\Speed_Limit_60_196.png,Speed Limit (60),2
C:\Users\Paula\.spyder-py3\MariaBaron-CS898BA-Project1\Report_CS898BA_Project1\Selected_Images_2\Pedestrians\Pedestrians_176.png,Pedestrians,0
C:\Users\Paula\.spyder-py3\MariaBaron-CS898BA-Project1\Report_CS898BA_Project1\Selected_Images_2\Slippery Road\Slippery_Road_206.png,Slippery Road,1
C:\Users\Paula\.spyder-py3\MariaBaron-CS898BA-Project1\Report_CS898BA_Project1\Selected_Images_2\Wild animals Crossing\Wild_animals_Crossing_085.png,Wild animals Crossing,4
C:\Users\Paula\.spyder-py3\MariaBaron-CS898BA-Project1\Report_CS898BA_Project1\Selected_Images_2\Slippery Road\Slippery_Road_061.png,Slippery Road,1
C:\Users\Paula\.spyder-py3\MariaBaron-CS898BA-Project1\Report_CS898BA_Project1\Selected_Images_2\Slippery Road\Slippery_Road_013.png,Slippery Road,1
C:\Users\Paula\.spyder-py3\MariaBaron-CS898BA-Project1\Report_CS898BA_Project1\Selected_Images_2\Slippery Road\Slippery_Road_170.png,Slippery Road,1
C:\Users\Paula\.spyder-py3\MariaBaron-CS898BA-Project1\Report_CS898BA_Project1\Selected_Images_2\Speed Limit (60)\Speed_Limit_60_007.png,Speed Limit (60),2
C:\Users\Paula\.spyder-py3\MariaBaron-CS898BA-Project1\Report_CS898BA_Project1\Selected_Images_2\Stop\Stop_056.png,Stop,3
C:\Users\Paula\.spyder-py3\MariaBaron-CS898BA-Project1\Report_CS898BA_Project1\Selected_Images_2\Speed Limit (60)\Speed_Limit_60_246.png,Speed Limit (60),2
C:\Users\Paula\.spyder-py3\MariaBaron-CS898BA-Project1\Report_CS898BA_Project1\Selected_Images_2\Speed Limit (60)\Speed_Limit_60_083.png,Speed Limit (60),2
C:\Users\Paula\.spyder-py3\MariaBaron-CS898BA-Project1\Report_CS898BA_Project1\Selected_Images_2\Stop\Stop_174.png,Stop,3
C:\Users\Paula\.spyder-py3\MariaBaron-CS898BA-Project1\Report_CS898BA_Project1\Selected_Images_2\Stop\Stop_203.png,Stop,3
C:\Users\Paula\.spyder-py3\MariaBaron-CS898BA-Project1\Report_CS898BA_Project1\Selected_Images_2\Stop\Stop_019.png,Stop,3
C:\Users\Paula\.spyder-py3\MariaBaron-CS898BA-Project1\Report_CS898BA_Project1\Selected_Images_2\Pedestrians\Pedestrians_105.png,Pedestrians,0
C:\Users\Paula\.spyder-py3\MariaBaron-CS898BA-Project1\Report_CS898BA_Project1\Selected_Images_2\Stop\Stop_057.png,Stop,3
C:\Users\Paula\.spyder-py3\MariaBaron-CS898BA-Project1\Report_CS898BA_Project1\Selected_Images_2\Speed Limit (60)\Speed_Limit_60_221.png,Speed Limit (60),2
C:\Users\Paula\.spyder-py3\MariaBaron-CS898BA-Project1\Report_CS898BA_Project1\Selected_Images_2\Speed Limit (60)\Speed_Limit_60_068.png,Speed Limit (60),2
C:\Users\Paula\.spyder-py3\MariaBaron-CS898BA-Project1\Report_CS898BA_Project1\Selected_Images_2\Slippery Road\Slippery_Road_030.png,Slippery Road,1
C:\Users\Paula\.spyder-py3\MariaBaron-CS898BA-Project1\Report_CS898BA_Project1\Selected_Images_2\Speed Limit (60)\Speed_Limit_60_199.png,Speed Limit (60),2
C:\Users\Paula\.spyder-py3\MariaBaron-CS898BA-Project1\Report_CS898BA_Project1\Selected_Images_2\Stop\Stop_027.png,Stop,3
